<?xml version='1.0' encoding='UTF-8' ?>
<!DOCTYPE ldml SYSTEM '../../common/dtd/ldml.dtd'>
<!--	© 1991-2015 Unicode, Inc.
	Unicode and the Unicode Logo are registered trademarks of Unicode, Inc. in the U.S. and other countries.
	For terms of use, see http://www.unicode.org/copyright.html
	CLDR data files are interpreted according to the LDML specification (http://unicode.org/reports/tr35/)

	DO NOT CHANGE MANUALLY! Generated by: GenerateOtherAnnotations
 -->
<ldml>
	<identity>
		<version number="$Revision: 12320 $"/>
		<language type='en'/>
	</identity>
	<annotations>
		<annotation cp='[😀]' tts='grinning face'>face; grin</annotation>
		<annotation cp='[😁]' tts='grinning face with smiling eyes'>eye; face; grin; smile</annotation>
		<annotation cp='[😂]' tts='face with tears of joy'>face; joy; laugh; tear</annotation>
		<annotation cp='[😃]' tts='smiling face with open mouth'>face; mouth; open; smile</annotation>
		<annotation cp='[😄]' tts='smiling face with open mouth and smiling eyes'>eye; face; mouth; open; smile</annotation>
		<annotation cp='[😅]' tts='smiling face with open mouth and cold sweat'>cold; face; open; smile; sweat</annotation>
		<annotation cp='[😆]' tts='smiling face with open mouth and tightly-closed eyes'>face; laugh; mouth; open; satisfied; smile</annotation>
		<annotation cp='[😉]' tts='winking face'>face; wink</annotation>
		<annotation cp='[😊]' tts='smiling face with smiling eyes'>blush; eye; face; smile</annotation>
		<annotation cp='[😋]' tts='face savouring delicious food'>delicious; face; savouring; smile; um; yum</annotation>
		<annotation cp='[😎]' tts='smiling face with sunglasses'>bright; cool; eye; eyewear; face; glasses; smile; sun; sunglasses; weather</annotation>
		<annotation cp='[😍]' tts='smiling face with heart-shaped eyes'>eye; face; heart; love; smile</annotation>
		<annotation cp='[😘]' tts='face throwing a kiss'>face; heart; kiss</annotation>
		<annotation cp='[😗]' tts='kissing face'>face; kiss</annotation>
		<annotation cp='[😙]' tts='kissing face with smiling eyes'>eye; face; kiss; smile</annotation>
		<annotation cp='[😚]' tts='kissing face with closed eyes'>closed; eye; face; kiss</annotation>
		<annotation cp='[☺]' tts='smiling face'>face; outlined; relaxed; smile</annotation>
		<annotation cp='[🙂]' tts='slightly smiling face'>face; smile</annotation>
		<annotation cp='[🤗]' tts='hugging face'>face; hug; hugging</annotation>
		<annotation cp='[😇]' tts='smiling face with halo'>angel; face; fairy tale; fantasy; halo; innocent; smile</annotation>
		<annotation cp='[🤔]' tts='thinking face'>face; thinking</annotation>
		<annotation cp='[😐]' tts='neutral face'>deadpan; face; neutral</annotation>
		<annotation cp='[😑]' tts='expressionless face'>expressionless; face; inexpressive; unexpressive</annotation>
		<annotation cp='[😶]' tts='face without mouth'>face; mouth; quiet; silent</annotation>
		<annotation cp='[🙄]' tts='face with rolling eyes'>eyes; face; rolling</annotation>
		<annotation cp='[😏]' tts='smirking face'>face; smirk</annotation>
		<annotation cp='[😣]' tts='persevering face'>face; persevere</annotation>
		<annotation cp='[😥]' tts='disappointed but relieved face'>disappointed; face; relieved; whew</annotation>
		<annotation cp='[😮]' tts='face with open mouth'>face; mouth; open; sympathy</annotation>
		<annotation cp='[🤐]' tts='zipper-mouth face'>face; mouth; zipper</annotation>
		<annotation cp='[😯]' tts='hushed face'>face; hushed; stunned; surprised</annotation>
		<annotation cp='[😪]' tts='sleepy face'>face; sleep</annotation>
		<annotation cp='[😫]' tts='tired face'>face; tired</annotation>
		<annotation cp='[😴]' tts='sleeping face'>face; sleep; zzz</annotation>
		<annotation cp='[😌]' tts='relieved face'>face; relieved</annotation>
		<annotation cp='[🤓]' tts='nerd face'>face; geek; nerd</annotation>
		<annotation cp='[😛]' tts='face with stuck-out tongue'>face; tongue</annotation>
		<annotation cp='[😜]' tts='face with stuck-out tongue and winking eye'>eye; face; joke; tongue; wink</annotation>
		<annotation cp='[😝]' tts='face with stuck-out tongue and tightly-closed eyes'>eye; face; horrible; taste; tongue</annotation>
		<annotation cp='[☹]' tts='frowning face'>face; frown</annotation>
		<annotation cp='[🙁]' tts='slightly frowning face'>face; frown</annotation>
		<annotation cp='[😒]' tts='unamused face'>face; unamused; unhappy</annotation>
		<annotation cp='[😓]' tts='face with cold sweat'>cold; face; sweat</annotation>
		<annotation cp='[😔]' tts='pensive face'>dejected; face; pensive</annotation>
		<annotation cp='[😕]' tts='confused face'>confused; face</annotation>
		<annotation cp='[😖]' tts='confounded face'>confounded; face</annotation>
		<annotation cp='[🙃]' tts='upside-down face'>face; upside-down</annotation>
		<annotation cp='[😷]' tts='face with medical mask'>cold; doctor; face; mask; medicine; sick</annotation>
		<annotation cp='[🤒]' tts='face with thermometer'>face; ill; sick; thermometer</annotation>
		<annotation cp='[🤕]' tts='face with head-bandage'>bandage; face; hurt; injury</annotation>
		<annotation cp='[🤑]' tts='money-mouth face'>face; money; mouth</annotation>
		<annotation cp='[😲]' tts='astonished face'>astonished; face; shocked; totally</annotation>
		<annotation cp='[😞]' tts='disappointed face'>disappointed; face</annotation>
		<annotation cp='[😟]' tts='worried face'>face; worried</annotation>
		<annotation cp='[😤]' tts='face with steam from nose'>face; triumph; won</annotation>
		<annotation cp='[😢]' tts='crying face'>cry; face; sad; tear</annotation>
		<annotation cp='[😭]' tts='loudly crying face'>cry; face; sad; sob; tear</annotation>
		<annotation cp='[😦]' tts='frowning face with open mouth'>face; frown; mouth; open</annotation>
		<annotation cp='[😧]' tts='anguished face'>anguished; face</annotation>
		<annotation cp='[😨]' tts='fearful face'>face; fear; fearful; scared</annotation>
		<annotation cp='[😩]' tts='weary face'>face; tired; weary</annotation>
		<annotation cp='[😬]' tts='grimacing face'>face; grimace</annotation>
		<annotation cp='[😰]' tts='face with open mouth and cold sweat'>blue; cold; face; mouth; open; rushed; sweat</annotation>
		<annotation cp='[😱]' tts='face screaming in fear'>face; fear; fearful; munch; scared; scream</annotation>
		<annotation cp='[😳]' tts='flushed face'>dazed; face; flushed</annotation>
		<annotation cp='[😵]' tts='dizzy face'>dizzy; face</annotation>
		<annotation cp='[😡]' tts='pouting face'>angry; face; mad; pouting; rage; red</annotation>
		<annotation cp='[😠]' tts='angry face'>angry; face; mad</annotation>
		<annotation cp='[😈]' tts='smiling face with horns'>face; fairy tale; fantasy; horns; smile</annotation>
		<annotation cp='[👿]' tts='imp'>demon; devil; face; fairy tale; fantasy</annotation>
		<annotation cp='[👹]' tts='ogre'>creature; face; fairy tale; fantasy; japanese; monster</annotation>
		<annotation cp='[👺]' tts='goblin'>creature; face; fairy tale; fantasy; japanese; monster</annotation>
		<annotation cp='[💀]' tts='skull'>body; death; face; fairy tale; monster</annotation>
		<annotation cp='[☠]' tts='skull and crossbones'>body; crossbones; death; face; monster; skull</annotation>
		<annotation cp='[👻]' tts='ghost'>creature; face; fairy tale; fantasy; monster</annotation>
		<annotation cp='[👽]' tts='alien'>creature; extraterrestrial; face; fairy tale; fantasy; monster; space; ufo</annotation>
		<annotation cp='[👾]' tts='alien monster'>alien; creature; extraterrestrial; face; fairy tale; fantasy; monster; space; ufo</annotation>
		<annotation cp='[🤖]' tts='robot face'>face; monster; robot</annotation>
		<annotation cp='[💩]' tts='pile of poo'>comic; dung; face; monster; poo; poop</annotation>
		<annotation cp='[😺]' tts='smiling cat face with open mouth'>cat; face; mouth; open; smile</annotation>
		<annotation cp='[😸]' tts='grinning cat face with smiling eyes'>cat; eye; face; grin; smile</annotation>
		<annotation cp='[😹]' tts='cat face with tears of joy'>cat; face; joy; tear</annotation>
		<annotation cp='[😻]' tts='smiling cat face with heart-shaped eyes'>cat; eye; face; heart; love; smile</annotation>
		<annotation cp='[😼]' tts='cat face with wry smile'>cat; face; ironic; smile; wry</annotation>
		<annotation cp='[😽]' tts='kissing cat face with closed eyes'>cat; eye; face; kiss</annotation>
		<annotation cp='[🙀]' tts='weary cat face'>cat; face; oh; surprised; weary</annotation>
		<annotation cp='[😿]' tts='crying cat face'>cat; cry; face; sad; tear</annotation>
		<annotation cp='[😾]' tts='pouting cat face'>cat; face; pouting</annotation>
		<annotation cp='[🙈]' tts='see-no-evil'>evil; face; forbidden; gesture; monkey; no; not; prohibited; see</annotation>
		<annotation cp='[🙉]' tts='hear-no-evil'>evil; face; forbidden; gesture; hear; monkey; no; not; prohibited</annotation>
		<annotation cp='[🙊]' tts='speak-no-evil'>evil; face; forbidden; gesture; monkey; no; not; prohibited; speak</annotation>
		<annotation cp='[👦]' tts='boy'>boy</annotation>
		<annotation cp='[👧]' tts='girl'>maiden; virgin; virgo; zodiac</annotation>
		<annotation cp='[👨]' tts='man'>man</annotation>
		<annotation cp='[👩]' tts='woman'>woman</annotation>
		<annotation cp='[👴]' tts='old man'>man; old</annotation>
		<annotation cp='[👵]' tts='old woman'>old; woman</annotation>
		<annotation cp='[👶]' tts='baby'>baby</annotation>
		<annotation cp='[👱]' tts='person with blond hair'>blond</annotation>
		<annotation cp='[👮]' tts='police officer'>cop; officer; police</annotation>
		<annotation cp='[👲]' tts='man with chinese cap'>gua pi mao; hat; man</annotation>
		<annotation cp='[👳]' tts='man with turban'>man; turban</annotation>
		<annotation cp='[👷]' tts='construction worker'>construction; hat; worker</annotation>
		<annotation cp='[⛑]' tts='helmet with white cross'>aid; cross; face; hat; helmet</annotation>
		<annotation cp='[👸]' tts='princess'>fairy tale; fantasy</annotation>
		<annotation cp='[💂]' tts='guardsman'>guard</annotation>
		<annotation cp='[🕵]' tts='detective'>sleuth; spy</annotation>
		<annotation cp='[🎅]' tts='santa claus'>celebration; christmas; fairy tale; fantasy; father; santa</annotation>
		<annotation cp='[👼]' tts='baby angel'>angel; baby; face; fairy tale; fantasy</annotation>
		<annotation cp='[💆]' tts='face massage'>massage; salon</annotation>
		<annotation cp='[💇]' tts='haircut'>barber; beauty; parlor</annotation>
		<annotation cp='[👰]' tts='bride with veil'>bride; veil; wedding</annotation>
		<annotation cp='[🙍]' tts='person frowning'>frown; gesture</annotation>
		<annotation cp='[🙎]' tts='person pouting'>gesture; pouting</annotation>
		<annotation cp='[🙅]' tts='gesturing no'>forbidden; gesture; hand; no; not; prohibited</annotation>
		<annotation cp='[🙆]' tts='gesturing ok'>gesture; hand; ok</annotation>
		<annotation cp='[💁]' tts='information desk person'>hand; help; information; sassy</annotation>
		<annotation cp='[🙋]' tts='happy person raising hand'>gesture; hand; happy; raised</annotation>
		<annotation cp='[🙇]' tts='person bowing'>apology; bow; gesture; sorry</annotation>
		<annotation cp='[🙌]' tts='person raising hands'>body; celebration; gesture; hand; hooray; raised</annotation>
		<annotation cp='[🙏]' tts='folded hands'>ask; body; bow; folded; gesture; hand; please; pray; thanks</annotation>
		<annotation cp='[🗣]' tts='speaking head'>face; head; silhouette; speak; speaking</annotation>
		<annotation cp='[👤]' tts='bust in silhouette'>bust; silhouette</annotation>
		<annotation cp='[👥]' tts='busts in silhouette'>bust; silhouette</annotation>
		<annotation cp='[🚶]' tts='pedestrian'>hike; walk; walking</annotation>
		<annotation cp='[🏃]' tts='runner'>marathon; running</annotation>
		<annotation cp='[👯]' tts='women partying'>bunny; dancer; ear; girl; woman</annotation>
		<annotation cp='[💃]' tts='dancer'>dancer</annotation>
		<annotation cp='[🕴]' tts='man in business suit levitating'>business; man; suit</annotation>
		<annotation cp='[💏]' tts='kiss'>couple; romance</annotation>
		<annotation cp='[💑]' tts='couple with heart'>couple; heart; love; romance</annotation>
		<annotation cp='[👪]' tts='family'>child; father; mother</annotation>
		<annotation cp='[👫]' tts='man and woman holding hands'>couple; hand; hold; man; woman</annotation>
		<annotation cp='[👬]' tts='two men holding hands'>couple; gemini; hand; hold; man; twins; zodiac</annotation>
		<annotation cp='[👭]' tts='two women holding hands'>couple; hand; hold; woman</annotation>
		<annotation cp='[🏻]' tts='skin type-1-2'>emoji modifier; fitzpatrick; skin; tone</annotation>
		<annotation cp='[🏼]' tts='skin type-3'>emoji modifier; fitzpatrick; skin; tone</annotation>
		<annotation cp='[🏽]' tts='skin type-4'>emoji modifier; fitzpatrick; skin; tone</annotation>
		<annotation cp='[🏾]' tts='skin type-5'>emoji modifier; fitzpatrick; skin; tone</annotation>
		<annotation cp='[🏿]' tts='skin type-6'>emoji modifier; fitzpatrick; skin; tone</annotation>
		<annotation cp='[💪]' tts='flexed biceps'>biceps; body; comic; flex; muscle</annotation>
		<annotation cp='[👈]' tts='backhand index pointing left'>backhand; body; finger; hand; index; point</annotation>
		<annotation cp='[👉]' tts='backhand index pointing right'>backhand; body; finger; hand; index; point</annotation>
		<annotation cp='[☝]' tts='index pointing up'>body; finger; hand; index; point; up</annotation>
		<annotation cp='[👆]' tts='backhand index pointing up'>backhand; body; finger; hand; index; point; up</annotation>
		<annotation cp='[🖕]' tts='middle finger'>body; finger; hand</annotation>
		<annotation cp='[👇]' tts='backhand index pointing down'>backhand; body; down; finger; hand; index; point</annotation>
		<annotation cp='[✌]' tts='victory hand'>body; hand; v; victory</annotation>
		<annotation cp='[🖖]' tts='vulcan salute'>body; finger; hand; spock; vulcan</annotation>
		<annotation cp='[🤘]' tts='sign of the horns'>body; finger; hand; horns; rock-on</annotation>
		<annotation cp='[🖐]' tts='raised hand with fingers splayed'>body; finger; hand; splayed</annotation>
		<annotation cp='[✋]' tts='raised hand'>body; hand</annotation>
		<annotation cp='[👌]' tts='ok hand'>body; hand; ok</annotation>
		<annotation cp='[👍]' tts='thumbs up'>+1; body; hand; thumb; up</annotation>
		<annotation cp='[👎]' tts='thumbs down'>-1; body; down; hand; thumb</annotation>
		<annotation cp='[✊]' tts='raised fist'>body; clenched; fist; hand; punch</annotation>
		<annotation cp='[👊]' tts='oncoming fist'>body; clenched; fist; hand; punch</annotation>
		<annotation cp='[👋]' tts='waving hand'>body; hand; wave; waving</annotation>
		<annotation cp='[👏]' tts='clapping hands'>body; clap; hand</annotation>
		<annotation cp='[👐]' tts='open hands'>body; hand; open</annotation>
		<annotation cp='[✍]' tts='writing hand'>body; hand; write</annotation>
		<annotation cp='[💅]' tts='nail polish'>body; care; cosmetics; manicure; nail; polish</annotation>
		<annotation cp='[👂]' tts='ear'>body</annotation>
		<annotation cp='[👃]' tts='nose'>body</annotation>
		<annotation cp='[👣]' tts='footprints'>body; clothing; footprint; print</annotation>
		<annotation cp='[👀]' tts='eyes'>body; eye; face</annotation>
		<annotation cp='[👁]' tts='eye'>body</annotation>
		<annotation cp='[👅]' tts='tongue'>body</annotation>
		<annotation cp='[👄]' tts='mouth'>body; lips</annotation>
		<annotation cp='[💋]' tts='kiss mark'>heart; kiss; lips; mark; romance</annotation>
		<annotation cp='[💘]' tts='heart with arrow'>arrow; cupid; heart; romance</annotation>
		<annotation cp='[❤]' tts='red heart'>heart</annotation>
		<annotation cp='[💓]' tts='beating heart'>beating; heart; heartbeat; pulsating</annotation>
		<annotation cp='[💔]' tts='broken heart'>break; broken; heart</annotation>
		<annotation cp='[💕]' tts='two hearts'>heart; love</annotation>
		<annotation cp='[💖]' tts='sparkling heart'>excited; heart; sparkle</annotation>
		<annotation cp='[💗]' tts='growing heart'>excited; growing; heart; heartpulse; nervous</annotation>
		<annotation cp='[💙]' tts='blue heart'>blue; heart</annotation>
		<annotation cp='[💚]' tts='green heart'>green; heart</annotation>
		<annotation cp='[💛]' tts='yellow heart'>heart; yellow</annotation>
		<annotation cp='[💜]' tts='purple heart'>heart; purple</annotation>
		<annotation cp='[💝]' tts='heart with ribbon'>heart; ribbon; valentine</annotation>
		<annotation cp='[💞]' tts='revolving hearts'>heart; revolving</annotation>
		<annotation cp='[💟]' tts='heart decoration'>heart</annotation>
		<annotation cp='[❣]' tts='heavy heart exclamation mark ornament'>exclamation; heart; mark; punctuation</annotation>
		<annotation cp='[💌]' tts='love letter'>heart; letter; love; mail; romance</annotation>
		<annotation cp='[💤]' tts='zzz'>comic; sleep</annotation>
		<annotation cp='[💢]' tts='anger symbol'>angry; comic; mad</annotation>
		<annotation cp='[💣]' tts='bomb'>comic</annotation>
		<annotation cp='[💥]' tts='collision'>boom; comic</annotation>
		<annotation cp='[💦]' tts='sweat droplets'>comic; splashing; sweat</annotation>
		<annotation cp='[💨]' tts='dashing'>comic; dash; running</annotation>
		<annotation cp='[💫]' tts='dizzy'>comic; star</annotation>
		<annotation cp='[💬]' tts='speech balloon'>balloon; bubble; comic; dialog; speech</annotation>
		<annotation cp='[🗨]' tts='left speech bubble'>dialog; speech</annotation>
		<annotation cp='[🗯]' tts='right anger bubble'>angry; balloon; bubble; mad</annotation>
		<annotation cp='[💭]' tts='thought balloon'>balloon; bubble; comic; thought</annotation>
		<annotation cp='[🕳]' tts='hole'>hole</annotation>
		<annotation cp='[👓]' tts='glasses'>clothing; eye; eyeglasses; eyewear</annotation>
		<annotation cp='[🕶]' tts='sunglasses'>dark; eye; eyewear; glasses</annotation>
		<annotation cp='[👔]' tts='necktie'>clothing</annotation>
		<annotation cp='[👕]' tts='t-shirt'>clothing; shirt; tshirt</annotation>
		<annotation cp='[👖]' tts='jeans'>clothing; pants; trousers</annotation>
		<annotation cp='[👗]' tts='dress'>clothing</annotation>
		<annotation cp='[👘]' tts='kimono'>clothing</annotation>
		<annotation cp='[👙]' tts='bikini'>clothing; swim</annotation>
		<annotation cp='[👚]' tts='woman’s clothes'>clothing; woman</annotation>
		<annotation cp='[👛]' tts='purse'>clothing; coin</annotation>
		<annotation cp='[👜]' tts='handbag'>bag; clothing</annotation>
		<annotation cp='[👝]' tts='pouch'>bag; clothing</annotation>
		<annotation cp='[🛍]' tts='shopping bags'>bag; hotel; shopping</annotation>
		<annotation cp='[🎒]' tts='school backpack'>bag; satchel; school</annotation>
		<annotation cp='[👞]' tts='man’s shoe'>clothing; man; shoe</annotation>
		<annotation cp='[👟]' tts='running shoe'>athletic; clothing; shoe; sneaker</annotation>
		<annotation cp='[👠]' tts='high-heeled shoe'>clothing; heel; shoe; woman</annotation>
		<annotation cp='[👡]' tts='woman’s sandal'>clothing; sandal; shoe; woman</annotation>
		<annotation cp='[👢]' tts='woman’s boot'>boot; clothing; shoe; woman</annotation>
		<annotation cp='[👑]' tts='crown'>clothing; king; queen</annotation>
		<annotation cp='[👒]' tts='woman’s hat'>clothing; hat; woman</annotation>
		<annotation cp='[🎩]' tts='top hat'>clothing; hat; top; tophat</annotation>
		<annotation cp='[🎓]' tts='graduation cap'>cap; celebration; clothing; graduation; hat</annotation>
		<annotation cp='[📿]' tts='prayer beads'>beads; clothing; necklace; prayer; religion</annotation>
		<annotation cp='[💄]' tts='lipstick'>cosmetics; makeup</annotation>
		<annotation cp='[💍]' tts='ring'>diamond; romance</annotation>
		<annotation cp='[💎]' tts='gem stone'>diamond; gem; jewel; romance</annotation>
		<annotation cp='[🐵]' tts='monkey face'>face; monkey</annotation>
		<annotation cp='[🐒]' tts='monkey'>monkey</annotation>
		<annotation cp='[🐶]' tts='dog face'>dog; face; pet</annotation>
		<annotation cp='[🐕]' tts='dog'>pet</annotation>
		<annotation cp='[🐩]' tts='poodle'>dog</annotation>
		<annotation cp='[🐺]' tts='wolf face'>face; wolf</annotation>
		<annotation cp='[🐱]' tts='cat face'>cat; face; pet</annotation>
		<annotation cp='[🐈]' tts='cat'>pet</annotation>
		<annotation cp='[🦁]' tts='lion face'>face; leo; lion; zodiac</annotation>
		<annotation cp='[🐯]' tts='tiger face'>face; tiger</annotation>
		<annotation cp='[🐅]' tts='tiger'>tiger</annotation>
		<annotation cp='[🐆]' tts='leopard'>leopard</annotation>
		<annotation cp='[🐴]' tts='horse face'>face; horse</annotation>
		<annotation cp='[🐎]' tts='horse'>racehorse; racing</annotation>
		<annotation cp='[🦄]' tts='unicorn face'>face; unicorn</annotation>
		<annotation cp='[🐮]' tts='cow face'>cow; face</annotation>
		<annotation cp='[🐂]' tts='ox'>bull; taurus; zodiac</annotation>
		<annotation cp='[🐃]' tts='water buffalo'>buffalo; water</annotation>
		<annotation cp='[🐄]' tts='cow'>cow</annotation>
		<annotation cp='[🐷]' tts='pig face'>face; pig</annotation>
		<annotation cp='[🐖]' tts='pig'>sow</annotation>
		<annotation cp='[🐗]' tts='boar'>pig</annotation>
		<annotation cp='[🐽]' tts='pig nose'>face; nose; pig</annotation>
		<annotation cp='[🐏]' tts='ram'>aries; sheep; zodiac</annotation>
		<annotation cp='[🐑]' tts='sheep'>ewe</annotation>
		<annotation cp='[🐐]' tts='goat'>capricorn; zodiac</annotation>
		<annotation cp='[🐪]' tts='camel'>dromedary; hump</annotation>
		<annotation cp='[🐫]' tts='two-hump camel'>bactrian; camel; hump</annotation>
		<annotation cp='[🐘]' tts='elephant'>elephant</annotation>
		<annotation cp='[🐭]' tts='mouse face'>face; mouse</annotation>
		<annotation cp='[🐁]' tts='mouse'>mouse</annotation>
		<annotation cp='[🐀]' tts='rat'>rat</annotation>
		<annotation cp='[🐹]' tts='hamster face'>face; hamster; pet</annotation>
		<annotation cp='[🐰]' tts='rabbit face'>bunny; face; pet; rabbit</annotation>
		<annotation cp='[🐇]' tts='rabbit'>bunny; pet</annotation>
		<annotation cp='[🐿]' tts='chipmunk'>chipmunk</annotation>
		<annotation cp='[🐻]' tts='bear face'>bear; face</annotation>
		<annotation cp='[🐨]' tts='koala'>bear</annotation>
		<annotation cp='[🐼]' tts='panda face'>face; panda</annotation>
		<annotation cp='[🐾]' tts='paw prints'>feet; paw; print</annotation>
		<annotation cp='[🦃]' tts='turkey'>turkey</annotation>
		<annotation cp='[🐔]' tts='chicken'>chicken</annotation>
		<annotation cp='[🐓]' tts='rooster'>rooster</annotation>
		<annotation cp='[🐣]' tts='hatching chick'>baby; chick; hatching</annotation>
		<annotation cp='[🐤]' tts='baby chick'>baby; chick</annotation>
		<annotation cp='[🐥]' tts='front-facing baby chick'>baby; chick</annotation>
		<annotation cp='[🐦]' tts='bird'>bird</annotation>
		<annotation cp='[🐧]' tts='penguin'>penguin</annotation>
		<annotation cp='[🕊]' tts='dove'>bird; fly; peace</annotation>
		<annotation cp='[🐸]' tts='frog face'>face; frog</annotation>
		<annotation cp='[🐊]' tts='crocodile'>crocodile</annotation>
		<annotation cp='[🐢]' tts='turtle'>turtle</annotation>
		<annotation cp='[🐍]' tts='snake'>bearer; ophiuchus; serpent; zodiac</annotation>
		<annotation cp='[🐲]' tts='dragon face'>dragon; face; fairy tale</annotation>
		<annotation cp='[🐉]' tts='dragon'>fairy tale</annotation>
		<annotation cp='[🐳]' tts='spouting whale'>face; spouting; whale</annotation>
		<annotation cp='[🐋]' tts='whale'>whale</annotation>
		<annotation cp='[🐬]' tts='dolphin'>flipper</annotation>
		<annotation cp='[🐟]' tts='fish'>pisces; zodiac</annotation>
		<annotation cp='[🐠]' tts='tropical fish'>fish; tropical</annotation>
		<annotation cp='[🐡]' tts='blowfish'>fish</annotation>
		<annotation cp='[🐙]' tts='octopus'>octopus</annotation>
		<annotation cp='[🐚]' tts='spiral shell'>shell; spiral</annotation>
		<annotation cp='[🦀]' tts='crab'>cancer; zodiac</annotation>
		<annotation cp='[🐌]' tts='snail'>snail</annotation>
		<annotation cp='[🐛]' tts='bug'>insect</annotation>
		<annotation cp='[🐜]' tts='ant'>insect</annotation>
		<annotation cp='[🐝]' tts='honeybee'>bee; insect</annotation>
		<annotation cp='[🐞]' tts='lady beetle'>beetle; insect; ladybird; ladybug</annotation>
		<annotation cp='[🕷]' tts='spider'>insect</annotation>
		<annotation cp='[🕸]' tts='spider web'>spider; web</annotation>
		<annotation cp='[🦂]' tts='scorpion'>scorpio; scorpius; zodiac</annotation>
		<annotation cp='[💐]' tts='bouquet'>flower; plant; romance</annotation>
		<annotation cp='[🌸]' tts='cherry blossom'>blossom; cherry; flower; plant</annotation>
		<annotation cp='[💮]' tts='white flower'>flower</annotation>
		<annotation cp='[🏵]' tts='rosette'>plant</annotation>
		<annotation cp='[🌹]' tts='rose'>flower; plant</annotation>
		<annotation cp='[🌺]' tts='hibiscus'>flower; plant</annotation>
		<annotation cp='[🌻]' tts='sunflower'>flower; plant; sun</annotation>
		<annotation cp='[🌼]' tts='blossom'>flower; plant</annotation>
		<annotation cp='[🌷]' tts='tulip'>flower; plant</annotation>
		<annotation cp='[🌱]' tts='seedling'>plant; young</annotation>
		<annotation cp='[🌲]' tts='evergreen'>plant; tree</annotation>
		<annotation cp='[🌳]' tts='deciduous tree'>deciduous; plant; shedding; tree</annotation>
		<annotation cp='[🌴]' tts='palm tree'>palm; plant; tree</annotation>
		<annotation cp='[🌵]' tts='cactus'>plant</annotation>
		<annotation cp='[🌾]' tts='sheaf of rice'>ear; plant; rice</annotation>
		<annotation cp='[🌿]' tts='herb'>leaf; plant</annotation>
		<annotation cp='[☘]' tts='shamrock'>plant</annotation>
		<annotation cp='[🍀]' tts='four leaf clover'>4; clover; four; leaf; plant</annotation>
		<annotation cp='[🍁]' tts='maple leaf'>falling; leaf; maple; plant</annotation>
		<annotation cp='[🍂]' tts='fallen leaf'>falling; leaf; plant</annotation>
		<annotation cp='[🍃]' tts='leaf fluttering in wind'>blow; flutter; leaf; plant; wind</annotation>
		<annotation cp='[🍇]' tts='grapes'>fruit; grape; plant</annotation>
		<annotation cp='[🍈]' tts='melon'>fruit; plant</annotation>
		<annotation cp='[🍉]' tts='watermelon'>fruit; plant</annotation>
		<annotation cp='[🍊]' tts='tangerine'>fruit; orange; plant</annotation>
		<annotation cp='[🍋]' tts='lemon'>citrus; fruit; plant</annotation>
		<annotation cp='[🍌]' tts='banana'>fruit; plant</annotation>
		<annotation cp='[🍍]' tts='pineapple'>fruit; plant</annotation>
		<annotation cp='[🍎]' tts='red apple'>apple; fruit; plant; red</annotation>
		<annotation cp='[🍏]' tts='green apple'>apple; fruit; green; plant</annotation>
		<annotation cp='[🍐]' tts='pear'>fruit; plant</annotation>
		<annotation cp='[🍑]' tts='peach'>fruit; plant</annotation>
		<annotation cp='[🍒]' tts='cherries'>cherry; fruit; plant</annotation>
		<annotation cp='[🍓]' tts='strawberry'>berry; fruit; plant</annotation>
		<annotation cp='[🍅]' tts='tomato'>plant; vegetable</annotation>
		<annotation cp='[🍆]' tts='eggplant'>aubergine; plant; vegetable</annotation>
		<annotation cp='[🌽]' tts='ear of corn'>corn; ear; maize; maze; plant</annotation>
		<annotation cp='[🌶]' tts='hot pepper'>hot; pepper; plant</annotation>
		<annotation cp='[🍄]' tts='mushroom'>plant</annotation>
		<annotation cp='[🌰]' tts='chestnut'>plant</annotation>
		<annotation cp='[🍞]' tts='bread'>loaf</annotation>
		<annotation cp='[🧀]' tts='cheese wedge'>cheese</annotation>
		<annotation cp='[🍖]' tts='meat on bone'>bone; meat</annotation>
		<annotation cp='[🍗]' tts='poultry leg'>bone; chicken; leg; poultry</annotation>
		<annotation cp='[🍔]' tts='hamburger'>burger</annotation>
		<annotation cp='[🍟]' tts='french fries'>french; fries</annotation>
		<annotation cp='[🍕]' tts='pizza'>cheese; slice</annotation>
		<annotation cp='[🌭]' tts='hot dog'>frankfurter; hotdog; sausage</annotation>
		<annotation cp='[🌮]' tts='taco'>mexican</annotation>
		<annotation cp='[🌯]' tts='burrito'>mexican</annotation>
		<annotation cp='[🍿]' tts='popcorn'>popcorn</annotation>
		<annotation cp='[🍲]' tts='pot of food'>pot; stew</annotation>
		<annotation cp='[🍱]' tts='bento box'>bento; box</annotation>
		<annotation cp='[🍘]' tts='rice cracker'>cracker; rice</annotation>
		<annotation cp='[🍙]' tts='rice ball'>ball; japanese; rice</annotation>
		<annotation cp='[🍚]' tts='cooked rice'>cooked; rice</annotation>
		<annotation cp='[🍛]' tts='curry rice'>curry; rice</annotation>
		<annotation cp='[🍜]' tts='steaming bowl'>bowl; noodle; ramen; steaming</annotation>
		<annotation cp='[🍝]' tts='spaghetti'>pasta</annotation>
		<annotation cp='[🍠]' tts='roasted sweet potato'>potato; roasted; sweet</annotation>
		<annotation cp='[🍢]' tts='oden'>kebab; seafood; skewer; stick</annotation>
		<annotation cp='[🍣]' tts='sushi'>sushi</annotation>
		<annotation cp='[🍤]' tts='fried shrimp'>fried; prawn; shrimp; tempura</annotation>
		<annotation cp='[🍥]' tts='fish cake with swirl'>cake; fish; pastry; swirl</annotation>
		<annotation cp='[🍡]' tts='dango'>dessert; japanese; skewer; stick; sweet</annotation>
		<annotation cp='[🍦]' tts='soft ice cream'>cream; dessert; ice; icecream; soft; sweet</annotation>
		<annotation cp='[🍧]' tts='shaved ice'>dessert; ice; shaved; sweet</annotation>
		<annotation cp='[🍨]' tts='ice cream'>cream; dessert; ice; sweet</annotation>
		<annotation cp='[🍩]' tts='doughnut'>dessert; donut; sweet</annotation>
		<annotation cp='[🍪]' tts='cookie'>dessert; sweet</annotation>
		<annotation cp='[🎂]' tts='birthday cake'>birthday; cake; celebration; dessert; pastry; sweet</annotation>
		<annotation cp='[🍰]' tts='shortcake'>cake; dessert; pastry; slice; sweet</annotation>
		<annotation cp='[🍫]' tts='chocolate bar'>bar; chocolate; dessert; sweet</annotation>
		<annotation cp='[🍬]' tts='candy'>dessert; sweet</annotation>
		<annotation cp='[🍭]' tts='lollipop'>candy; dessert; sweet</annotation>
		<annotation cp='[🍮]' tts='custard'>dessert; pudding; sweet</annotation>
		<annotation cp='[🍯]' tts='honey pot'>honey; honeypot; pot; sweet</annotation>
		<annotation cp='[🍼]' tts='baby bottle'>baby; bottle; drink; milk</annotation>
		<annotation cp='[☕]' tts='hot beverage'>beverage; coffee; drink; hot; steaming; tea</annotation>
		<annotation cp='[🍵]' tts='teacup without handle'>beverage; cup; drink; tea; teacup</annotation>
		<annotation cp='[🍶]' tts='sake'>bar; beverage; bottle; cup; drink</annotation>
		<annotation cp='[🍾]' tts='bottle with popping cork'>bar; bottle; cork; drink; popping</annotation>
		<annotation cp='[🍷]' tts='wine glass'>bar; beverage; drink; glass; wine</annotation>
		<annotation cp='[🍸]' tts='cocktail glass'>bar; cocktail; drink; glass</annotation>
		<annotation cp='[🍹]' tts='tropical drink'>bar; drink; tropical</annotation>
		<annotation cp='[🍺]' tts='beer mug'>bar; beer; drink; mug</annotation>
		<annotation cp='[🍻]' tts='clinking beer mugs'>bar; beer; clink; drink; mug</annotation>
		<annotation cp='[🍽]' tts='fork and knife with plate'>cooking; fork; knife; plate</annotation>
		<annotation cp='[🍴]' tts='fork and knife'>cooking; fork; knife</annotation>
		<annotation cp='[🍳]' tts='cooking'>egg; frying; pan</annotation>
		<annotation cp='[🏺]' tts='amphora'>aquarius; cooking; drink; jug; tool; weapon; zodiac</annotation>
		<annotation cp='[🌍]' tts='globe showing europe-africa'>africa; earth; europe; globe; world</annotation>
		<annotation cp='[🌎]' tts='globe showing americas'>americas; earth; globe; world</annotation>
		<annotation cp='[🌏]' tts='globe showing asia-australia'>asia; australia; earth; globe; world</annotation>
		<annotation cp='[🌐]' tts='globe with meridians'>earth; globe; meridians; world</annotation>
		<annotation cp='[🗺]' tts='world map'>map; world</annotation>
		<annotation cp='[🏔]' tts='snow-capped mountain'>cold; mountain; snow</annotation>
		<annotation cp='[⛰]' tts='mountain'>mountain</annotation>
		<annotation cp='[🌋]' tts='volcano'>eruption; mountain; weather</annotation>
		<annotation cp='[🗻]' tts='mount fuji'>fuji; mountain</annotation>
		<annotation cp='[🏕]' tts='camping'>camping</annotation>
		<annotation cp='[🏖]' tts='beach with umbrella'>beach; umbrella</annotation>
		<annotation cp='[🏜]' tts='desert'>desert</annotation>
		<annotation cp='[🏝]' tts='desert island'>desert; island</annotation>
		<annotation cp='[🏞]' tts='national park'>park</annotation>
		<annotation cp='[🏟]' tts='stadium'>stadium</annotation>
		<annotation cp='[🏛]' tts='classical building'>building; classical</annotation>
		<annotation cp='[🏗]' tts='building construction'>building; construction</annotation>
		<annotation cp='[🏘]' tts='house buildings'>building; house</annotation>
		<annotation cp='[🏙]' tts='cityscape'>building; city</annotation>
		<annotation cp='[🏚]' tts='derelict house building'>building; derelict; house</annotation>
		<annotation cp='[🏠]' tts='house building'>building; home; house</annotation>
		<annotation cp='[🏡]' tts='house with garden'>building; garden; home; house</annotation>
		<annotation cp='[⛪]' tts='church'>building; christian; cross; religion</annotation>
		<annotation cp='[🕋]' tts='kaaba'>islam; muslim; religion</annotation>
		<annotation cp='[🕌]' tts='mosque'>islam; muslim; religion</annotation>
		<annotation cp='[🕍]' tts='synagogue'>jew; jewish; religion; temple</annotation>
		<annotation cp='[⛩]' tts='shinto shrine'>religion; shinto; shrine</annotation>
		<annotation cp='[🏢]' tts='office building'>building</annotation>
		<annotation cp='[🏣]' tts='japanese post office'>building; japanese; post</annotation>
		<annotation cp='[🏤]' tts='post office'>building; european; post</annotation>
		<annotation cp='[🏥]' tts='hospital'>building; doctor; medicine</annotation>
		<annotation cp='[🏦]' tts='bank'>building</annotation>
		<annotation cp='[🏨]' tts='hotel'>building</annotation>
		<annotation cp='[🏩]' tts='love hotel'>building; hotel; love</annotation>
		<annotation cp='[🏪]' tts='convenience store'>building; convenience; store</annotation>
		<annotation cp='[🏫]' tts='school'>building</annotation>
		<annotation cp='[🏬]' tts='department store'>building; department; store</annotation>
		<annotation cp='[🏭]' tts='factory'>building</annotation>
		<annotation cp='[🏯]' tts='japanese castle'>building; castle; japanese</annotation>
		<annotation cp='[🏰]' tts='castle'>building; european</annotation>
		<annotation cp='[💒]' tts='wedding'>chapel; romance</annotation>
		<annotation cp='[🗼]' tts='tokyo tower'>tokyo; tower</annotation>
		<annotation cp='[🗽]' tts='statue of liberty'>liberty; statue</annotation>
		<annotation cp='[🗾]' tts='map of japan'>japan; map</annotation>
		<annotation cp='[⛲]' tts='fountain'>fountain</annotation>
		<annotation cp='[⛺]' tts='tent'>camping</annotation>
		<annotation cp='[🌁]' tts='foggy'>fog; weather</annotation>
		<annotation cp='[🌃]' tts='night with stars'>night; star; weather</annotation>
		<annotation cp='[🌄]' tts='sunrise over mountains'>morning; mountain; sun; sunrise; weather</annotation>
		<annotation cp='[🌅]' tts='sunrise'>morning; sun; weather</annotation>
		<annotation cp='[🌆]' tts='cityscape at dusk'>building; city; dusk; evening; landscape; sun; sunset; weather</annotation>
		<annotation cp='[🌇]' tts='sunset'>building; dusk; sun; weather</annotation>
		<annotation cp='[🌉]' tts='bridge at night'>bridge; night; weather</annotation>
		<annotation cp='[♨]' tts='hot springs'>hot; hotsprings; springs; steaming</annotation>
		<annotation cp='[🌌]' tts='milky way'>space; weather</annotation>
		<annotation cp='[🎠]' tts='carousel horse'>carousel; horse</annotation>
		<annotation cp='[🎡]' tts='ferris wheel'>amusement park; ferris; wheel</annotation>
		<annotation cp='[🎢]' tts='roller coaster'>amusement park; coaster; roller</annotation>
		<annotation cp='[💈]' tts='barber pole'>barber; haircut; pole</annotation>
		<annotation cp='[🎪]' tts='circus tent'>circus; tent</annotation>
		<annotation cp='[🎭]' tts='performing arts'>art; mask; performing; theater; theatre</annotation>
		<annotation cp='[🖼]' tts='frame with picture'>art; frame; museum; painting; picture</annotation>
		<annotation cp='[🎨]' tts='artist palette'>art; museum; painting; palette</annotation>
		<annotation cp='[🎰]' tts='slot machine'>game; slot</annotation>
		<annotation cp='[🚂]' tts='locomotive'>engine; railway; steam; train; vehicle</annotation>
		<annotation cp='[🚃]' tts='railway car'>car; electric; railway; train; tram; trolleybus; vehicle</annotation>
		<annotation cp='[🚄]' tts='high-speed train'>railway; shinkansen; speed; train; vehicle</annotation>
		<annotation cp='[🚅]' tts='high-speed train with bullet nose'>bullet; railway; shinkansen; speed; train; vehicle</annotation>
		<annotation cp='[🚆]' tts='train'>railway; vehicle</annotation>
		<annotation cp='[🚇]' tts='metro'>subway; vehicle</annotation>
		<annotation cp='[🚈]' tts='light rail'>railway; vehicle</annotation>
		<annotation cp='[🚉]' tts='station'>railway; train; vehicle</annotation>
		<annotation cp='[🚊]' tts='tram'>trolleybus; vehicle</annotation>
		<annotation cp='[🚝]' tts='monorail'>vehicle</annotation>
		<annotation cp='[🚞]' tts='mountain railway'>car; mountain; railway; vehicle</annotation>
		<annotation cp='[🚋]' tts='tram car'>car; tram; trolleybus; vehicle</annotation>
		<annotation cp='[🚌]' tts='bus'>vehicle</annotation>
		<annotation cp='[🚍]' tts='oncoming bus'>bus; oncoming; vehicle</annotation>
		<annotation cp='[🚎]' tts='trolleybus'>bus; tram; trolley; vehicle</annotation>
		<annotation cp='[🚏]' tts='bus stop'>bus; busstop; stop</annotation>
		<annotation cp='[🚐]' tts='minibus'>bus; vehicle</annotation>
		<annotation cp='[🚑]' tts='ambulance'>vehicle</annotation>
		<annotation cp='[🚒]' tts='fire engine'>engine; fire; truck; vehicle</annotation>
		<annotation cp='[🚓]' tts='police car'>car; patrol; police; vehicle</annotation>
		<annotation cp='[🚔]' tts='oncoming police car'>car; oncoming; police; vehicle</annotation>
		<annotation cp='[🚕]' tts='taxi'>vehicle</annotation>
		<annotation cp='[🚖]' tts='oncoming taxi'>oncoming; taxi; vehicle</annotation>
		<annotation cp='[🚗]' tts='automobile'>car; vehicle</annotation>
		<annotation cp='[🚘]' tts='oncoming automobile'>automobile; car; oncoming; vehicle</annotation>
		<annotation cp='[🚙]' tts='recreational vehicle'>recreational; rv; vehicle</annotation>
		<annotation cp='[🚚]' tts='delivery truck'>delivery; truck; vehicle</annotation>
		<annotation cp='[🚛]' tts='articulated lorry'>lorry; semi; truck; vehicle</annotation>
		<annotation cp='[🚜]' tts='tractor'>vehicle</annotation>
		<annotation cp='[🚲]' tts='bicycle'>bike; vehicle</annotation>
		<annotation cp='[⛽]' tts='fuel pump'>fuel; fuelpump; gas; pump; station</annotation>
		<annotation cp='[🛣]' tts='motorway'>highway; road</annotation>
		<annotation cp='[🛤]' tts='railway track'>railway; train</annotation>
		<annotation cp='[🚨]' tts='police car’s light'>beacon; car; light; police; revolving; vehicle</annotation>
		<annotation cp='[🚥]' tts='horizontal traffic light'>light; signal; traffic</annotation>
		<annotation cp='[🚦]' tts='vertical traffic light'>light; signal; traffic</annotation>
		<annotation cp='[🚧]' tts='construction'>barrier</annotation>
		<annotation cp='[⚓]' tts='anchor'>ship; tool</annotation>
		<annotation cp='[⛵]' tts='sailboat'>boat; resort; sea; vehicle; yacht</annotation>
		<annotation cp='[🚣]' tts='rowboat'>boat; vehicle</annotation>
		<annotation cp='[🚤]' tts='speedboat'>boat; vehicle</annotation>
		<annotation cp='[🛳]' tts='passenger ship'>passenger; ship; vehicle</annotation>
		<annotation cp='[⛴]' tts='ferry'>boat</annotation>
		<annotation cp='[🛥]' tts='motor boat'>boat; motorboat; vehicle</annotation>
		<annotation cp='[🚢]' tts='ship'>vehicle</annotation>
		<annotation cp='[✈]' tts='airplane'>vehicle</annotation>
		<annotation cp='[🛩]' tts='small airplane'>airplane; vehicle</annotation>
		<annotation cp='[🛫]' tts='airplane departure'>airplane; check-in; departure; departures; vehicle</annotation>
		<annotation cp='[🛬]' tts='airplane arrival'>airplane; arrivals; arriving; landing; vehicle</annotation>
		<annotation cp='[💺]' tts='seat'>chair</annotation>
		<annotation cp='[🚁]' tts='helicopter'>vehicle</annotation>
		<annotation cp='[🚟]' tts='suspension railway'>railway; suspension; vehicle</annotation>
		<annotation cp='[🚠]' tts='mountain cableway'>cable; gondola; mountain; vehicle</annotation>
		<annotation cp='[🚡]' tts='aerial tramway'>aerial; cable; car; gondola; ropeway; tramway; vehicle</annotation>
		<annotation cp='[🚀]' tts='rocket'>space; vehicle</annotation>
		<annotation cp='[🛰]' tts='satellite'>space; vehicle</annotation>
		<annotation cp='[🛎]' tts='bellhop bell'>bell; bellhop; hotel</annotation>
		<annotation cp='[🚪]' tts='door'>door</annotation>
		<annotation cp='[🛌]' tts='person in bed'>hotel; sleep</annotation>
		<annotation cp='[🛏]' tts='bed'>hotel; sleep</annotation>
		<annotation cp='[🛋]' tts='couch and lamp'>couch; hotel; lamp</annotation>
		<annotation cp='[🚽]' tts='toilet'>toilet</annotation>
		<annotation cp='[🚿]' tts='shower'>water</annotation>
		<annotation cp='[🛀]' tts='person taking bath'>bathtub; bath</annotation>
		<annotation cp='[🛁]' tts='bathtub'>bath</annotation>
		<annotation cp='[⌛]' tts='hourglass'>sand; timer</annotation>
		<annotation cp='[⏳]' tts='hourglass with flowing sand'>hourglass; sand; timer</annotation>
		<annotation cp='[⌚]' tts='watch'>clock</annotation>
		<annotation cp='[⏰]' tts='alarm clock'>alarm; clock</annotation>
		<annotation cp='[⏱]' tts='stopwatch'>clock</annotation>
		<annotation cp='[⏲]' tts='timer clock'>clock; timer</annotation>
		<annotation cp='[🕰]' tts='mantelpiece clock'>clock</annotation>
		<annotation cp='[🕛]' tts='twelve o’clock'>00; 12; 12:00; clock; o’clock; twelve</annotation>
		<annotation cp='[🕧]' tts='twelve-thirty'>12; 12:30; 30; clock; thirty; twelve</annotation>
		<annotation cp='[🕐]' tts='one o’clock'>00; 1; 1:00; clock; o’clock; one</annotation>
		<annotation cp='[🕜]' tts='one-thirty'>1; 1:30; 30; clock; one; thirty</annotation>
		<annotation cp='[🕑]' tts='two o’clock'>00; 2; 2:00; clock; o’clock; two</annotation>
		<annotation cp='[🕝]' tts='two-thirty'>2; 2:30; 30; clock; thirty; two</annotation>
		<annotation cp='[🕒]' tts='three o’clock'>00; 3; 3:00; clock; o’clock; three</annotation>
		<annotation cp='[🕞]' tts='three-thirty'>3; 3:30; 30; clock; thirty; three</annotation>
		<annotation cp='[🕓]' tts='four o’clock'>00; 4; 4:00; clock; four; o’clock</annotation>
		<annotation cp='[🕟]' tts='four-thirty'>30; 4; 4:30; clock; four; thirty</annotation>
		<annotation cp='[🕔]' tts='five o’clock'>00; 5; 5:00; clock; five; o’clock</annotation>
		<annotation cp='[🕠]' tts='five-thirty'>30; 5; 5:30; clock; five; thirty</annotation>
		<annotation cp='[🕕]' tts='six o’clock'>00; 6; 6:00; clock; o’clock; six</annotation>
		<annotation cp='[🕡]' tts='six-thirty'>30; 6; 6:30; clock; six; thirty</annotation>
		<annotation cp='[🕖]' tts='seven o’clock'>00; 7; 7:00; clock; o’clock; seven</annotation>
		<annotation cp='[🕢]' tts='seven-thirty'>30; 7; 7:30; clock; seven; thirty</annotation>
		<annotation cp='[🕗]' tts='eight o’clock'>00; 8; 8:00; clock; eight; o’clock</annotation>
		<annotation cp='[🕣]' tts='eight-thirty'>30; 8; 8:30; clock; eight; thirty</annotation>
		<annotation cp='[🕘]' tts='nine o’clock'>00; 9; 9:00; clock; nine; o’clock</annotation>
		<annotation cp='[🕤]' tts='nine-thirty'>30; 9; 9:30; clock; nine; thirty</annotation>
		<annotation cp='[🕙]' tts='ten o’clock'>00; 10; 10:00; clock; o’clock; ten</annotation>
		<annotation cp='[🕥]' tts='ten-thirty'>10; 10:30; 30; clock; ten; thirty</annotation>
		<annotation cp='[🕚]' tts='eleven o’clock'>00; 11; 11:00; clock; eleven; o’clock</annotation>
		<annotation cp='[🕦]' tts='eleven-thirty'>11; 11:30; 30; clock; eleven; thirty</annotation>
		<annotation cp='[🌑]' tts='new moon'>dark; moon; space; weather</annotation>
		<annotation cp='[🌒]' tts='waxing crescent moon'>crescent; moon; space; waxing; weather</annotation>
		<annotation cp='[🌓]' tts='first quarter moon'>moon; quarter; space; weather</annotation>
		<annotation cp='[🌔]' tts='waxing gibbous moon'>gibbous; moon; space; waxing; weather</annotation>
		<annotation cp='[🌕]' tts='full moon'>full; moon; space; weather</annotation>
		<annotation cp='[🌖]' tts='waning gibbous moon'>gibbous; moon; space; waning; weather</annotation>
		<annotation cp='[🌗]' tts='last quarter moon'>moon; quarter; space; weather</annotation>
		<annotation cp='[🌘]' tts='waning crescent moon'>crescent; moon; space; waning; weather</annotation>
		<annotation cp='[🌙]' tts='crescent moon'>crescent; moon; space; weather</annotation>
		<annotation cp='[🌚]' tts='new moon face'>face; moon; space; weather</annotation>
		<annotation cp='[🌛]' tts='first quarter moon with face'>face; moon; quarter; space; weather</annotation>
		<annotation cp='[🌜]' tts='last quarter moon with face'>face; moon; quarter; space; weather</annotation>
		<annotation cp='[🌡]' tts='thermometer'>weather</annotation>
		<annotation cp='[☀]' tts='sun'>bright; rays; space; sunny; weather</annotation>
		<annotation cp='[🌝]' tts='full moon with face'>bright; face; full; moon; space; weather</annotation>
		<annotation cp='[🌞]' tts='sun with face'>bright; face; space; sun; weather</annotation>
		<annotation cp='[⭐]' tts='white medium star'>star</annotation>
		<annotation cp='[🌟]' tts='glowing star'>glittery; glow; shining; sparkle; star</annotation>
		<annotation cp='[🌠]' tts='shooting star'>falling; shooting; space; star</annotation>
		<annotation cp='[☁]' tts='cloud'>weather</annotation>
		<annotation cp='[⛅]' tts='sun behind cloud'>cloud; sun; weather</annotation>
		<annotation cp='[⛈]' tts='cloud with lightning and rain'>cloud; rain; thunder; weather</annotation>
		<annotation cp='[🌤]' tts='sun behind small cloud'>cloud; sun; weather</annotation>
		<annotation cp='[🌥]' tts='sun behind large cloud'>cloud; sun; weather</annotation>
		<annotation cp='[🌦]' tts='sun behind cloud with rain'>cloud; rain; sun; weather</annotation>
		<annotation cp='[🌧]' tts='cloud with rain'>cloud; rain; weather</annotation>
		<annotation cp='[🌨]' tts='cloud with snow'>cloud; cold; snow; weather</annotation>
		<annotation cp='[🌩]' tts='cloud with lightning'>cloud; lightning; weather</annotation>
		<annotation cp='[🌪]' tts='tornado'>cloud; weather; whirlwind</annotation>
		<annotation cp='[🌫]' tts='fog'>cloud; weather</annotation>
		<annotation cp='[🌬]' tts='wind face'>blow; cloud; face; weather; wind</annotation>
		<annotation cp='[🌀]' tts='cyclone'>dizzy; twister; typhoon; weather</annotation>
		<annotation cp='[🌈]' tts='rainbow'>rain; weather</annotation>
		<annotation cp='[🌂]' tts='closed umbrella'>clothing; rain; umbrella; weather</annotation>
		<annotation cp='[☂]' tts='umbrella'>clothing; rain; weather</annotation>
		<annotation cp='[☔]' tts='umbrella with rain drops'>clothing; drop; rain; umbrella; weather</annotation>
		<annotation cp='[⛱]' tts='umbrella on ground'>rain; sun; umbrella; weather</annotation>
		<annotation cp='[⚡]' tts='high voltage'>danger; electric; electricity; lightning; voltage; zap</annotation>
		<annotation cp='[❄]' tts='snowflake'>cold; snow; weather</annotation>
		<annotation cp='[☃]' tts='snowman'>cold; snow; weather</annotation>
		<annotation cp='[⛄]' tts='snowman without snow'>cold; snow; snowman; weather</annotation>
		<annotation cp='[☄]' tts='comet'>space</annotation>
		<annotation cp='[🔥]' tts='fire'>flame; tool</annotation>
		<annotation cp='[💧]' tts='droplet'>cold; comic; drop; sweat; weather</annotation>
		<annotation cp='[🌊]' tts='water wave'>ocean; water; wave; weather</annotation>
		<annotation cp='[🎃]' tts='jack-o-lantern'>celebration; halloween; jack; lantern</annotation>
		<annotation cp='[🎄]' tts='christmas tree'>celebration; christmas; tree</annotation>
		<annotation cp='[🎆]' tts='fireworks'>celebration</annotation>
		<annotation cp='[🎇]' tts='sparkler'>celebration; fireworks; sparkle</annotation>
		<annotation cp='[✨]' tts='sparkles'>sparkle; star</annotation>
		<annotation cp='[🎈]' tts='balloon'>celebration</annotation>
		<annotation cp='[🎉]' tts='party popper'>celebration; party; popper; tada</annotation>
		<annotation cp='[🎊]' tts='confetti ball'>ball; celebration; confetti</annotation>
		<annotation cp='[🎋]' tts='tanabata tree'>banner; celebration; japanese; tree</annotation>
		<annotation cp='[🎌]' tts='crossed flags'>celebration; cross; crossed; japanese</annotation>
		<annotation cp='[🎍]' tts='pine decoration'>bamboo; celebration; japanese; pine; plant</annotation>
		<annotation cp='[🎎]' tts='japanese dolls'>celebration; doll; festival; japanese</annotation>
		<annotation cp='[🎏]' tts='carp streamer'>carp; celebration; streamer</annotation>
		<annotation cp='[🎐]' tts='wind chime'>bell; celebration; chime; wind</annotation>
		<annotation cp='[🎑]' tts='moon ceremony'>celebration; ceremony; moon</annotation>
		<annotation cp='[🎀]' tts='ribbon'>celebration</annotation>
		<annotation cp='[🎁]' tts='wrapped present'>box; celebration; gift; present; wrapped</annotation>
		<annotation cp='[🎖]' tts='military medal'>celebration; medal; military</annotation>
		<annotation cp='[🎗]' tts='reminder ribbon'>celebration; reminder; ribbon</annotation>
		<annotation cp='[🎞]' tts='film frames'>cinema; film; frames; movie</annotation>
		<annotation cp='[🎟]' tts='admission tickets'>admission; ticket</annotation>
		<annotation cp='[🎫]' tts='ticket'>admission</annotation>
		<annotation cp='[🏷]' tts='label'>label</annotation>
		<annotation cp='[⚽]' tts='soccer ball'>ball; soccer</annotation>
		<annotation cp='[⚾]' tts='baseball'>ball</annotation>
		<annotation cp='[🏀]' tts='basketball'>ball; hoop</annotation>
		<annotation cp='[🏈]' tts='american football'>american; ball; football</annotation>
		<annotation cp='[🏉]' tts='rugby football'>ball; football; rugby</annotation>
		<annotation cp='[🎾]' tts='tennis'>ball; racquet</annotation>
		<annotation cp='[🎱]' tts='billiards'>8; 8 ball; ball; billiard; eight; game</annotation>
		<annotation cp='[🎳]' tts='bowling'>ball; game</annotation>
		<annotation cp='[⛳]' tts='flag in hole'>golf; hole</annotation>
		<annotation cp='[🏌]' tts='golfer'>ball; golf</annotation>
		<annotation cp='[⛸]' tts='ice skate'>ice; skate</annotation>
		<annotation cp='[🎣]' tts='fishing pole'>fish; pole</annotation>
		<annotation cp='[🎽]' tts='running shirt'>running; sash; shirt</annotation>
		<annotation cp='[🎿]' tts='skis'>ski; snow</annotation>
		<annotation cp='[⛷]' tts='skier'>ski; snow</annotation>
		<annotation cp='[🏂]' tts='snowboarder'>ski; snow; snowboard</annotation>
		<annotation cp='[🏄]' tts='surfer'>surfing</annotation>
		<annotation cp='[🏇]' tts='horse racing'>horse; jockey; racehorse; racing</annotation>
		<annotation cp='[🏊]' tts='swimmer'>swim</annotation>
		<annotation cp='[⛹]' tts='person with ball'>ball</annotation>
		<annotation cp='[🏋]' tts='weight lifter'>lifter; weight</annotation>
		<annotation cp='[🚴]' tts='bicyclist'>bicycle; bike; cyclist</annotation>
		<annotation cp='[🚵]' tts='mountain biker'>bicycle; bicyclist; bike; cyclist; mountain</annotation>
		<annotation cp='[🏎]' tts='racing car'>car; racing</annotation>
		<annotation cp='[🏍]' tts='motorcycle'>racing</annotation>
		<annotation cp='[🏅]' tts='sports medal'>medal</annotation>
		<annotation cp='[🏆]' tts='trophy'>prize</annotation>
		<annotation cp='[🏏]' tts='cricket'>ball; bat; game</annotation>
		<annotation cp='[🏐]' tts='volleyball'>ball; game</annotation>
		<annotation cp='[🏑]' tts='field hockey'>ball; field; game; hockey; stick</annotation>
		<annotation cp='[🏒]' tts='ice hockey stick and puck'>game; hockey; ice; puck; stick</annotation>
		<annotation cp='[🏓]' tts='ping pong'>ball; bat; game; paddle; table tennis</annotation>
		<annotation cp='[🏸]' tts='badminton'>birdie; game; racquet; shuttlecock</annotation>
		<annotation cp='[🎯]' tts='direct hit'>bull; bullseye; dart; eye; game; hit; target</annotation>
		<annotation cp='[🎮]' tts='video game'>controller; game</annotation>
		<annotation cp='[🕹]' tts='joystick'>game; video game</annotation>
		<annotation cp='[🎲]' tts='game die'>dice; die; game</annotation>
		<annotation cp='[♠]' tts='spade suit'>card; game; spade; suit</annotation>
		<annotation cp='[♥]' tts='heart suit'>card; game; heart; hearts; suit</annotation>
		<annotation cp='[♦]' tts='diamond suit'>card; diamond; diamonds; game; suit</annotation>
		<annotation cp='[♣]' tts='club suit'>card; club; clubs; game; suit</annotation>
		<annotation cp='[🃏]' tts='joker'>card; game; playing</annotation>
		<annotation cp='[🀄]' tts='mahjong red dragon'>game; mahjong; red</annotation>
		<annotation cp='[🎴]' tts='flower playing cards'>card; flower; game; japanese; playing</annotation>
		<annotation cp='[🔇]' tts='speaker off'>mute; quiet; silent; speaker; volume</annotation>
		<annotation cp='[🔈]' tts='speaker'>volume</annotation>
		<annotation cp='[🔉]' tts='speaker on'>low; speaker; volume; wave</annotation>
		<annotation cp='[🔊]' tts='speaker loud'>3; high; loud; speaker; three; volume</annotation>
		<annotation cp='[📢]' tts='loudspeaker'>loud; public address</annotation>
		<annotation cp='[📣]' tts='megaphone'>cheering</annotation>
		<annotation cp='[📯]' tts='postal horn'>horn; post; postal</annotation>
		<annotation cp='[🔔]' tts='bell'>bell</annotation>
		<annotation cp='[🔕]' tts='bell with slash'>bell; forbidden; mute; no; not; prohibited; quiet; silent</annotation>
		<annotation cp='[🎼]' tts='musical score'>music; score</annotation>
		<annotation cp='[🎵]' tts='musical note'>music; note</annotation>
		<annotation cp='[🎶]' tts='musical notes'>music; note; notes</annotation>
		<annotation cp='[🎙]' tts='studio microphone'>mic; microphone; music; studio</annotation>
		<annotation cp='[🎚]' tts='level slider'>level; music; slider</annotation>
		<annotation cp='[🎛]' tts='control knobs'>control; knobs; music</annotation>
		<annotation cp='[🎤]' tts='microphone'>karaoke; mic</annotation>
		<annotation cp='[🎧]' tts='headphone'>earbud</annotation>
		<annotation cp='[🎷]' tts='saxophone'>instrument; music; sax</annotation>
		<annotation cp='[🎸]' tts='guitar'>instrument; music</annotation>
		<annotation cp='[🎹]' tts='musical keyboard'>instrument; keyboard; music; piano</annotation>
		<annotation cp='[🎺]' tts='trumpet'>instrument; music</annotation>
		<annotation cp='[🎻]' tts='violin'>instrument; music</annotation>
		<annotation cp='[📻]' tts='radio'>video</annotation>
		<annotation cp='[📱]' tts='mobile phone'>cell; mobile; phone; telephone</annotation>
		<annotation cp='[📲]' tts='mobile phone with arrow'>arrow; call; cell; mobile; phone; receive; telephone</annotation>
		<annotation cp='[☎]' tts='telephone'>phone</annotation>
		<annotation cp='[📞]' tts='telephone receiver'>phone; receiver; telephone</annotation>
		<annotation cp='[📟]' tts='pager'>pager</annotation>
		<annotation cp='[📠]' tts='fax machine'>fax</annotation>
		<annotation cp='[🔋]' tts='battery'>battery</annotation>
		<annotation cp='[🔌]' tts='electric plug'>electric; electricity; plug</annotation>
		<annotation cp='[💻]' tts='laptop computer'>computer; pc; personal</annotation>
		<annotation cp='[🖥]' tts='desktop computer'>computer; desktop</annotation>
		<annotation cp='[🖨]' tts='printer'>computer</annotation>
		<annotation cp='[⌨]' tts='keyboard'>computer</annotation>
		<annotation cp='[🖱]' tts='computer mouse'>3; button; computer; mouse; three</annotation>
		<annotation cp='[🖲]' tts='trackball'>computer</annotation>
		<annotation cp='[💽]' tts='minidisc'>computer; disk; minidisk; optical</annotation>
		<annotation cp='[💾]' tts='floppy disk'>computer; disk; floppy</annotation>
		<annotation cp='[💿]' tts='optical disc'>dvd; blu-ray; cd; computer; disk; optical</annotation>
		<annotation cp='[📀]' tts='dvd'>blu-ray; cd; computer; disk; optical</annotation>
		<annotation cp='[🎥]' tts='movie camera'>camera; cinema; movie</annotation>
		<annotation cp='[🎬]' tts='clapper board'>clapper; movie</annotation>
		<annotation cp='[📽]' tts='film projector'>cinema; film; movie; projector; video</annotation>
		<annotation cp='[📺]' tts='television'>tv; video</annotation>
		<annotation cp='[📷]' tts='camera'>video</annotation>
		<annotation cp='[📸]' tts='camera with flash'>camera; flash; video</annotation>
		<annotation cp='[📹]' tts='video camera'>camera; video</annotation>
		<annotation cp='[📼]' tts='videocassette'>tape; vhs; video</annotation>
		<annotation cp='[🔍]' tts='left-pointing magnifying glass'>glass; magnifying; search; tool</annotation>
		<annotation cp='[🔎]' tts='right-pointing magnifying glass'>glass; magnifying; search; tool</annotation>
		<annotation cp='[🔬]' tts='microscope'>tool</annotation>
		<annotation cp='[🔭]' tts='telescope'>tool</annotation>
		<annotation cp='[📡]' tts='satellite antenna'>antenna; dish; satellite</annotation>
		<annotation cp='[🕯]' tts='candle'>light</annotation>
		<annotation cp='[💡]' tts='light bulb'>bulb; comic; electric; idea; light</annotation>
		<annotation cp='[🔦]' tts='flashlight'>electric; light; tool; torch</annotation>
		<annotation cp='[🏮]' tts='red paper lantern'>bar; japanese; lantern; light; red</annotation>
		<annotation cp='[📔]' tts='notebook with decorative cover'>book; cover; decorated; notebook</annotation>
		<annotation cp='[📕]' tts='closed book'>book; closed</annotation>
		<annotation cp='[📖]' tts='open book'>book; open</annotation>
		<annotation cp='[📗]' tts='green book'>book; green</annotation>
		<annotation cp='[📘]' tts='blue book'>blue; book</annotation>
		<annotation cp='[📙]' tts='orange book'>book; orange</annotation>
		<annotation cp='[📚]' tts='books'>book</annotation>
		<annotation cp='[📓]' tts='notebook'>notebook</annotation>
		<annotation cp='[📒]' tts='ledger'>notebook</annotation>
		<annotation cp='[📃]' tts='page with curl'>curl; document; page</annotation>
		<annotation cp='[📜]' tts='scroll'>paper</annotation>
		<annotation cp='[📄]' tts='page facing up'>document; page</annotation>
		<annotation cp='[📰]' tts='newspaper'>news; paper</annotation>
		<annotation cp='[🗞]' tts='rolled-up newspaper'>news; newspaper; paper; rolled</annotation>
		<annotation cp='[📑]' tts='bookmark tabs'>bookmark; mark; marker; tabs</annotation>
		<annotation cp='[🔖]' tts='bookmark'>mark</annotation>
		<annotation cp='[💰]' tts='money bag'>bag; dollar; money; moneybag</annotation>
		<annotation cp='[💴]' tts='yen banknote'>bank; banknote; bill; currency; money; note; yen</annotation>
		<annotation cp='[💵]' tts='dollar banknote'>bank; banknote; bill; currency; dollar; money; note</annotation>
		<annotation cp='[💶]' tts='euro banknote'>bank; banknote; bill; currency; euro; money; note</annotation>
		<annotation cp='[💷]' tts='pound banknote'>bank; banknote; bill; currency; money; note; pound</annotation>
		<annotation cp='[💸]' tts='money with wings'>bank; banknote; bill; dollar; fly; money; note; wings</annotation>
		<annotation cp='[💳]' tts='credit card'>bank; card; credit; money</annotation>
		<annotation cp='[💹]' tts='chart increasing with yen'>bank; chart; currency; graph; growth; market; money; rise; trend; upward; yen</annotation>
		<annotation cp='[✉]' tts='envelope'>e-mail; email</annotation>
		<annotation cp='[📧]' tts='e-mail'>email; letter; mail</annotation>
		<annotation cp='[📨]' tts='incoming envelope'>e-mail; email; envelope; incoming; letter; mail; receive</annotation>
		<annotation cp='[📩]' tts='envelope with arrow'>arrow; down; e-mail; email; envelope; letter; mail; outgoing; sent</annotation>
		<annotation cp='[📤]' tts='outbox tray'>box; letter; mail; outbox; sent; tray</annotation>
		<annotation cp='[📥]' tts='inbox tray'>box; inbox; letter; mail; receive; tray</annotation>
		<annotation cp='[📦]' tts='package'>box; parcel</annotation>
		<annotation cp='[📫]' tts='closed mailbox with raised flag'>closed; mail; mailbox; postbox</annotation>
		<annotation cp='[📪]' tts='closed mailbox with lowered flag'>closed; lowered; mail; mailbox; postbox</annotation>
		<annotation cp='[📬]' tts='open mailbox with raised flag'>mail; mailbox; open; postbox</annotation>
		<annotation cp='[📭]' tts='open mailbox with lowered flag'>lowered; mail; mailbox; open; postbox</annotation>
		<annotation cp='[📮]' tts='postbox'>mail; mailbox</annotation>
		<annotation cp='[🗳]' tts='ballot box with ballot'>ballot; box</annotation>
		<annotation cp='[✏]' tts='pencil'>pencil</annotation>
		<annotation cp='[✒]' tts='black nib'>nib; pen</annotation>
		<annotation cp='[🖋]' tts='fountain pen'>fountain; pen</annotation>
		<annotation cp='[🖊]' tts='pen'>ballpoint</annotation>
		<annotation cp='[🖌]' tts='paintbrush'>painting</annotation>
		<annotation cp='[🖍]' tts='crayon'>crayon</annotation>
		<annotation cp='[📝]' tts='memo'>pencil</annotation>
		<annotation cp='[💼]' tts='briefcase'>briefcase</annotation>
		<annotation cp='[📁]' tts='file folder'>file; folder</annotation>
		<annotation cp='[📂]' tts='open file folder'>file; folder; open</annotation>
		<annotation cp='[🗂]' tts='card index dividers'>card; dividers; index</annotation>
		<annotation cp='[📅]' tts='calendar'>date</annotation>
		<annotation cp='[📆]' tts='tear-off calendar'>calendar</annotation>
		<annotation cp='[🗒]' tts='spiral notepad'>note; pad; spiral</annotation>
		<annotation cp='[🗓]' tts='spiral calendar'>calendar; pad; spiral</annotation>
		<annotation cp='[📇]' tts='card index'>card; index; rolodex</annotation>
		<annotation cp='[📈]' tts='chart increasing'>chart; graph; growth; trend; upward</annotation>
		<annotation cp='[📉]' tts='chart decreasing'>chart; down; graph; trend</annotation>
		<annotation cp='[📊]' tts='bar chart'>bar; chart; graph</annotation>
		<annotation cp='[📋]' tts='clipboard'>clipboard</annotation>
		<annotation cp='[📌]' tts='pushpin'>pin</annotation>
		<annotation cp='[📍]' tts='round pushpin'>pin; pushpin</annotation>
		<annotation cp='[📎]' tts='paperclip'>paperclip</annotation>
		<annotation cp='[🖇]' tts='linked paperclips'>link; paperclip</annotation>
		<annotation cp='[📏]' tts='straight ruler'>ruler; straight edge</annotation>
		<annotation cp='[📐]' tts='triangular ruler'>ruler; set; triangle</annotation>
		<annotation cp='[✂]' tts='scissors'>tool</annotation>
		<annotation cp='[🗃]' tts='card file box'>box; card; file</annotation>
		<annotation cp='[🗄]' tts='file cabinet'>cabinet; file</annotation>
		<annotation cp='[🗑]' tts='wastebasket'>wastebasket</annotation>
		<annotation cp='[🔒]' tts='lock'>closed</annotation>
		<annotation cp='[🔓]' tts='open lock'>lock; open; unlock</annotation>
		<annotation cp='[🔏]' tts='lock with pen'>ink; lock; nib; pen; privacy</annotation>
		<annotation cp='[🔐]' tts='closed lock with key'>closed; key; lock; secure</annotation>
		<annotation cp='[🔑]' tts='key'>lock; password</annotation>
		<annotation cp='[🗝]' tts='old key'>clue; key; lock; old</annotation>
		<annotation cp='[🔨]' tts='hammer'>tool</annotation>
		<annotation cp='[⛏]' tts='pick'>mining; tool</annotation>
		<annotation cp='[⚒]' tts='hammer and pick'>hammer; pick; tool</annotation>
		<annotation cp='[🛠]' tts='hammer and wrench'>hammer; tool; wrench</annotation>
		<annotation cp='[🔧]' tts='wrench'>tool</annotation>
		<annotation cp='[🔩]' tts='nut and bolt'>bolt; nut; tool</annotation>
		<annotation cp='[⚙]' tts='gear'>tool</annotation>
		<annotation cp='[🗜]' tts='compression'>tool; vice</annotation>
		<annotation cp='[⚗]' tts='alembic'>chemistry; tool</annotation>
		<annotation cp='[⚖]' tts='balance scale'>balance; justice; libra; scales; tool; weight; zodiac</annotation>
		<annotation cp='[🔗]' tts='link'>link</annotation>
		<annotation cp='[⛓]' tts='chains'>chain</annotation>
		<annotation cp='[💉]' tts='syringe'>doctor; medicine; needle; shot; sick; tool</annotation>
		<annotation cp='[💊]' tts='pill'>doctor; medicine; sick</annotation>
		<annotation cp='[🗡]' tts='dagger'>knife; weapon</annotation>
		<annotation cp='[🔪]' tts='kitchen knife'>cooking; hocho; knife; tool; weapon</annotation>
		<annotation cp='[⚔]' tts='crossed swords'>crossed; swords; weapon</annotation>
		<annotation cp='[🔫]' tts='pistol'>gun; handgun; revolver; tool; weapon</annotation>
		<annotation cp='[🛡]' tts='shield'>weapon</annotation>
		<annotation cp='[🏹]' tts='bow and arrow'>archer; arrow; bow; sagittarius; tool; weapon; zodiac</annotation>
		<annotation cp='[🏁]' tts='chequered flag'>checkered; chequered; racing</annotation>
		<annotation cp='[🏳]' tts='waving white flag'>waving</annotation>
		<annotation cp='[🏴]' tts='waving black flag'>waving</annotation>
		<annotation cp='[🚩]' tts='triangular flag'>post</annotation>
		<annotation cp='[🚬]' tts='smoking'>smoking</annotation>
		<annotation cp='[⚰]' tts='coffin'>death</annotation>
		<annotation cp='[⚱]' tts='funeral urn'>death; funeral; urn</annotation>
		<annotation cp='[🗿]' tts='moai'>face; moyai; statue</annotation>
		<annotation cp='[🛢]' tts='oil drum'>drum; oil</annotation>
		<annotation cp='[🔮]' tts='crystal ball'>ball; crystal; fairy tale; fantasy; fortune; tool</annotation>
		<annotation cp='[🏧]' tts='ATM sign'>atm; automated; bank; teller</annotation>
		<annotation cp='[🚮]' tts='litter in bin sign'>litter; litterbox</annotation>
		<annotation cp='[🚰]' tts='potable water'>drink; potable; water</annotation>
		<annotation cp='[♿]' tts='wheelchair'>access</annotation>
		<annotation cp='[🚹]' tts='men’s room'>lavatory; man; restroom; wc</annotation>
		<annotation cp='[🚺]' tts='women’s room'>lavatory; restroom; wc; woman</annotation>
		<annotation cp='[🚻]' tts='restroom'>lavatory; wc</annotation>
		<annotation cp='[🚼]' tts='baby symbol'>baby; changing</annotation>
		<annotation cp='[🚾]' tts='water closet'>closet; lavatory; restroom; water; wc</annotation>
		<annotation cp='[🛂]' tts='passport control'>control; passport</annotation>
		<annotation cp='[🛃]' tts='customs'>customs</annotation>
		<annotation cp='[🛄]' tts='baggage claim'>baggage; claim</annotation>
		<annotation cp='[🛅]' tts='left luggage'>baggage; locker; luggage</annotation>
		<annotation cp='[⚠]' tts='warning'>warning</annotation>
		<annotation cp='[🚸]' tts='children crossing'>child; crossing; pedestrian; traffic</annotation>
		<annotation cp='[⛔]' tts='no entry'>entry; forbidden; no; not; prohibited; traffic</annotation>
		<annotation cp='[🚫]' tts='prohibited'>entry; forbidden; no; not</annotation>
		<annotation cp='[🚳]' tts='no bicycles'>bicycle; bike; forbidden; no; not; prohibited; vehicle</annotation>
		<annotation cp='[🚭]' tts='no smoking'>forbidden; no; not; prohibited; smoking</annotation>
		<annotation cp='[🚯]' tts='no littering'>forbidden; litter; no; not; prohibited</annotation>
		<annotation cp='[🚱]' tts='non-potable water'>drink; forbidden; no; not; potable; prohibited; water</annotation>
		<annotation cp='[🚷]' tts='no pedestrians'>forbidden; no; not; pedestrian; prohibited</annotation>
		<annotation cp='[☢]' tts='radioactive'>radioactive</annotation>
		<annotation cp='[☣]' tts='biohazard'>biohazard</annotation>
		<annotation cp='[⬆]' tts='up arrow'>arrow; cardinal; direction; north</annotation>
		<annotation cp='[↗]' tts='up-right arrow'>arrow; direction; intercardinal; northeast</annotation>
		<annotation cp='[➡]' tts='right arrow'>arrow; cardinal; direction; east</annotation>
		<annotation cp='[↘]' tts='down-right arrow'>arrow; direction; intercardinal; southeast</annotation>
		<annotation cp='[⬇]' tts='down arrow'>arrow; cardinal; direction; down; south</annotation>
		<annotation cp='[↙]' tts='down-left arrow'>arrow; direction; intercardinal; southwest</annotation>
		<annotation cp='[⬅]' tts='left arrow'>arrow; cardinal; direction; west</annotation>
		<annotation cp='[↖]' tts='up-left arrow'>arrow; direction; intercardinal; northwest</annotation>
		<annotation cp='[↕]' tts='up-down arrow'>arrow</annotation>
		<annotation cp='[↔]' tts='left-right arrow'>arrow</annotation>
		<annotation cp='[↩]' tts='right arrow curving left'>arrow</annotation>
		<annotation cp='[↪]' tts='left arrow curving right'>arrow</annotation>
		<annotation cp='[⤴]' tts='right arrow curving up'>arrow</annotation>
		<annotation cp='[⤵]' tts='right arrow curving down'>arrow; down</annotation>
		<annotation cp='[🔃]' tts='clockwise vertical arrows'>arrow; clockwise; reload</annotation>
		<annotation cp='[🔄]' tts='anticlockwise arrows button'>anticlockwise; arrow; counterclockwise; withershins</annotation>
		<annotation cp='[🔙]' tts='back arrow'>arrow; back</annotation>
		<annotation cp='[🔚]' tts='end arrow'>arrow; end</annotation>
		<annotation cp='[🔛]' tts='on! arrow'>arrow; mark; on</annotation>
		<annotation cp='[🔜]' tts='soon arrow'>arrow; soon</annotation>
		<annotation cp='[🔝]' tts='top arrow'>arrow; top; up</annotation>
		<annotation cp='[🛐]' tts='place of worship'>religion; worship</annotation>
		<annotation cp='[⚛]' tts='atom symbol'>atheist; atom</annotation>
		<annotation cp='[🕉]' tts='om'>hindu; religion</annotation>
		<annotation cp='[✡]' tts='star of david'>david; jew; jewish; religion; star</annotation>
		<annotation cp='[☸]' tts='wheel of dharma'>buddhist; dharma; religion; wheel</annotation>
		<annotation cp='[☯]' tts='yin yang'>religion; tao; taoist; yang; yin</annotation>
		<annotation cp='[✝]' tts='latin cross'>christian; cross; religion</annotation>
		<annotation cp='[☦]' tts='orthodox cross'>christian; cross; religion</annotation>
		<annotation cp='[☪]' tts='star and crescent'>islam; muslim; religion</annotation>
		<annotation cp='[☮]' tts='peace symbol'>peace</annotation>
		<annotation cp='[🕎]' tts='menorah'>candelabrum; candlestick; religion</annotation>
		<annotation cp='[🔯]' tts='dotted six-pointed star'>fortune; star</annotation>
		<annotation cp='[♻]' tts='recycling symbol'>recycle</annotation>
		<annotation cp='[📛]' tts='name badge'>badge; name</annotation>
		<annotation cp='[⚜]' tts='fleur-de-lis'>fleur-de-lis</annotation>
		<annotation cp='[🔰]' tts='japanese symbol for beginner'>beginner; chevron; green; japanese; leaf; tool; yellow</annotation>
		<annotation cp='[🔱]' tts='trident emblem'>anchor; emblem; ship; tool; trident</annotation>
		<annotation cp='[⭕]' tts='heavy large circle'>circle; o</annotation>
		<annotation cp='[✅]' tts='white heavy check mark'>check; mark</annotation>
		<annotation cp='[☑]' tts='ballot box with check'>ballot; box; check</annotation>
		<annotation cp='[✔]' tts='heavy check mark'>check; mark</annotation>
		<annotation cp='[✖]' tts='heavy multiplication x'>cancel; multiplication; multiply; x</annotation>
		<annotation cp='[❌]' tts='cross mark'>cancel; mark; multiplication; multiply; x</annotation>
		<annotation cp='[❎]' tts='cross mark button'>mark; square</annotation>
		<annotation cp='[➕]' tts='heavy plus sign'>math; plus</annotation>
		<annotation cp='[➖]' tts='heavy minus sign'>math; minus</annotation>
		<annotation cp='[➗]' tts='heavy division sign'>division; math</annotation>
		<annotation cp='[➰]' tts='curly loop'>curl; loop</annotation>
		<annotation cp='[➿]' tts='double curly loop'>curl; double; loop</annotation>
		<annotation cp='[〽]' tts='part alternation mark'>mark; part</annotation>
		<annotation cp='[✳]' tts='eight-spoked asterisk'>asterisk</annotation>
		<annotation cp='[✴]' tts='eight-pointed star'>star</annotation>
		<annotation cp='[❇]' tts='sparkle'>sparkle</annotation>
		<annotation cp='[💱]' tts='currency exchange'>bank; currency; exchange; money</annotation>
		<annotation cp='[💲]' tts='heavy dollar sign'>currency; dollar; money</annotation>
		<annotation cp='[‼]' tts='double exclamation mark'>bangbang; exclamation; mark; punctuation</annotation>
		<annotation cp='[⁉]' tts='exclamation question mark'>exclamation; interrobang; mark; punctuation; question</annotation>
		<annotation cp='[❓]' tts='question mark'>mark; punctuation; question</annotation>
		<annotation cp='[❔]' tts='white question mark'>mark; outlined; punctuation; question</annotation>
		<annotation cp='[❕]' tts='white exclamation mark'>exclamation; mark; outlined; punctuation</annotation>
		<annotation cp='[❗]' tts='exclamation mark'>exclamation; mark; punctuation</annotation>
		<annotation cp='[〰]' tts='wavy dash'>dash; punctuation; wavy</annotation>
		<annotation cp='[©]' tts='copyright'>copyright</annotation>
		<annotation cp='[®]' tts='registered'>registered</annotation>
		<annotation cp='[™]' tts='trade mark'>mark; tm; trademark</annotation>
		<annotation cp='[♈]' tts='aries'>ram; zodiac</annotation>
		<annotation cp='[♉]' tts='taurus'>bull; ox; zodiac</annotation>
		<annotation cp='[♊]' tts='gemini'>twins; zodiac</annotation>
		<annotation cp='[♋]' tts='cancer'>crab; zodiac</annotation>
		<annotation cp='[♌]' tts='leo'>lion; zodiac</annotation>
		<annotation cp='[♍]' tts='virgo'>maiden; virgin; zodiac</annotation>
		<annotation cp='[♎]' tts='libra'>balance; justice; scales; zodiac</annotation>
		<annotation cp='[♏]' tts='scorpius'>scorpio; scorpion; zodiac</annotation>
		<annotation cp='[♐]' tts='sagittarius'>archer; zodiac</annotation>
		<annotation cp='[♑]' tts='capricorn'>goat; zodiac</annotation>
		<annotation cp='[♒]' tts='aquarius'>bearer; water; zodiac</annotation>
		<annotation cp='[♓]' tts='pisces'>fish; zodiac</annotation>
		<annotation cp='[⛎]' tts='ophiuchus'>bearer; serpent; snake; zodiac</annotation>
		<annotation cp='[🔀]' tts='shuffle tracks button'>arrow; crossed</annotation>
		<annotation cp='[🔁]' tts='repeat button'>arrow; clockwise; repeat</annotation>
		<annotation cp='[🔂]' tts='repeat single button'>arrow; clockwise; once</annotation>
		<annotation cp='[▶]' tts='play button'>arrow; play; right; triangle</annotation>
		<annotation cp='[⏩]' tts='fast-forword button'>arrow; double; fast; forward</annotation>
		<annotation cp='[⏭]' tts='next track button'>arrow; next scene; next track; triangle</annotation>
		<annotation cp='[⏯]' tts='play or pause button'>arrow; pause; play; right; triangle</annotation>
		<annotation cp='[◀]' tts='reverse button'>arrow; left; reverse; triangle</annotation>
		<annotation cp='[⏪]' tts='fast reverse button'>arrow; double; rewind</annotation>
		<annotation cp='[⏮]' tts='last track button'>arrow; previous scene; previous track; triangle</annotation>
		<annotation cp='[🔼]' tts='up button'>arrow; button; red</annotation>
		<annotation cp='[⏫]' tts='fast up button'>arrow; double</annotation>
		<annotation cp='[🔽]' tts='down button'>arrow; button; down; red</annotation>
		<annotation cp='[⏬]' tts='fast down button'>arrow; double; down</annotation>
		<annotation cp='[⏸]' tts='pause button'>bar; double; pause; vertical</annotation>
		<annotation cp='[⏹]' tts='stop button'>square; stop</annotation>
		<annotation cp='[⏺]' tts='record button'>circle; record</annotation>
		<annotation cp='[⏏]' tts='eject button'>eject</annotation>
		<annotation cp='[🎦]' tts='cinema'>camera; film; movie</annotation>
		<annotation cp='[🔅]' tts='dim button'>brightness; dim; low</annotation>
		<annotation cp='[🔆]' tts='bright button'>bright; brightness</annotation>
		<annotation cp='[📶]' tts='antenna bars'>antenna; bar; cell; mobile; phone; signal; telephone</annotation>
		<annotation cp='[📵]' tts='no mobile phones'>cell; forbidden; mobile; no; not; phone; prohibited; telephone</annotation>
		<annotation cp='[📳]' tts='vibration mode'>cell; mobile; mode; phone; telephone; vibration</annotation>
		<annotation cp='[📴]' tts='mobile phone off'>cell; mobile; off; phone; telephone</annotation>
		<annotation cp='[{#⃣}]' tts='keycap number'>hash; keycap; pound</annotation>
		<annotation cp='[{*⃣}]' tts='keycap asterisk'>asterisk; keycap; star</annotation>
		<annotation cp='[{0⃣}]' tts='keycap digit zero'>0; keycap; zero</annotation>
		<annotation cp='[{1⃣}]' tts='keycap digit one'>1; keycap; one</annotation>
		<annotation cp='[{2⃣}]' tts='keycap digit two'>2; keycap; two</annotation>
		<annotation cp='[{3⃣}]' tts='keycap digit three'>3; keycap; three</annotation>
		<annotation cp='[{4⃣}]' tts='keycap digit four'>4; four; keycap</annotation>
		<annotation cp='[{5⃣}]' tts='keycap digit five'>5; five; keycap</annotation>
		<annotation cp='[{6⃣}]' tts='keycap digit six'>6; keycap; six</annotation>
		<annotation cp='[{7⃣}]' tts='keycap digit seven'>7; keycap; seven</annotation>
		<annotation cp='[{8⃣}]' tts='keycap digit eight'>8; eight; keycap</annotation>
		<annotation cp='[{9⃣}]' tts='keycap digit nine'>9; keycap; nine</annotation>
		<annotation cp='[🔟]' tts='keycap ten'>10; keycap; ten</annotation>
		<annotation cp='[💯]' tts='hundred points'>100; full; hundred; score</annotation>
		<annotation cp='[🔞]' tts='no one under eighteen'>18; age restriction; eighteen; forbidden; no; not; prohibited; underage</annotation>
		<annotation cp='[🔠]' tts='input latin uppercase'>input; latin; letters; uppercase</annotation>
		<annotation cp='[🔡]' tts='input latin lowercase'>abcd; input; latin; letters; lowercase</annotation>
		<annotation cp='[🔢]' tts='input numbers'>1234; input; numbers</annotation>
		<annotation cp='[🔣]' tts='input symbols'>input</annotation>
		<annotation cp='[🔤]' tts='input latin letters'>abc; alphabet; input; latin; letters</annotation>
		<annotation cp='[🅰]' tts='a button'>a; blood</annotation>
		<annotation cp='[🆎]' tts='ab button'>ab; blood</annotation>
		<annotation cp='[🅱]' tts='b button'>b; blood</annotation>
		<annotation cp='[🆑]' tts='squared cl'>cl</annotation>
		<annotation cp='[🆒]' tts='squared cool'>cool</annotation>
		<annotation cp='[🆓]' tts='squared free'>free</annotation>
		<annotation cp='[ℹ]' tts='information source'>i; information</annotation>
		<annotation cp='[🆔]' tts='squared id'>id; identity</annotation>
		<annotation cp='[Ⓜ]' tts='circled letter m'>circle; m</annotation>
		<annotation cp='[🆕]' tts='squared new'>new</annotation>
		<annotation cp='[🆖]' tts='squared ng'>ng</annotation>
		<annotation cp='[🅾]' tts='o button'>blood; o</annotation>
		<annotation cp='[🆗]' tts='squared ok'>ok</annotation>
		<annotation cp='[🅿]' tts='p button'>parking</annotation>
		<annotation cp='[🆘]' tts='squared sos'>help; sos</annotation>
		<annotation cp='[🆙]' tts='up! button'>mark; up</annotation>
		<annotation cp='[🆚]' tts='squared vs'>versus; vs</annotation>
		<annotation cp='[🈁]' tts='squared katakana koko'>japanese</annotation>
		<annotation cp='[🈂]' tts='squared katakana sa'>japanese</annotation>
		<annotation cp='[🈷]' tts='squared moon ideograph'>japanese</annotation>
		<annotation cp='[🈶]' tts='squared exist ideograph'>japanese</annotation>
		<annotation cp='[🈯]' tts='squared finger ideograph'>japanese</annotation>
		<annotation cp='[🉐]' tts='circled advantage ideograph'>japanese</annotation>
		<annotation cp='[🈹]' tts='squared divide ideograph'>japanese</annotation>
		<annotation cp='[🈚]' tts='squared negation ideograph'>japanese</annotation>
		<annotation cp='[🈲]' tts='squared prohibit ideograph'>japanese</annotation>
		<annotation cp='[🉑]' tts='circled accept ideograph'>chinese</annotation>
		<annotation cp='[🈸]' tts='squared apply ideograph'>chinese</annotation>
		<annotation cp='[🈴]' tts='squared together ideograph'>chinese</annotation>
		<annotation cp='[🈳]' tts='squared empty ideograph'>chinese</annotation>
		<annotation cp='[㊗]' tts='circled congratulate ideograph'>chinese; congratulation; congratulations; ideograph</annotation>
		<annotation cp='[㊙]' tts='circled secret ideograph'>chinese; ideograph; secret</annotation>
		<annotation cp='[🈺]' tts='squared operating ideograph'>chinese</annotation>
		<annotation cp='[🈵]' tts='squared fullness ideograph'>chinese</annotation>
		<annotation cp='[▪]' tts='black small square'>geometric; square</annotation>
		<annotation cp='[▫]' tts='white small square'>geometric; square</annotation>
		<annotation cp='[◻]' tts='white medium square'>geometric; square</annotation>
		<annotation cp='[◼]' tts='black medium square'>geometric; square</annotation>
		<annotation cp='[◽]' tts='white medium-small square'>geometric; square</annotation>
		<annotation cp='[◾]' tts='black medium-small square'>geometric; square</annotation>
		<annotation cp='[⬛]' tts='black large square'>geometric; square</annotation>
		<annotation cp='[⬜]' tts='white large square'>geometric; square</annotation>
		<annotation cp='[🔶]' tts='large orange diamond'>diamond; geometric; orange</annotation>
		<annotation cp='[🔷]' tts='large blue diamond'>blue; diamond; geometric</annotation>
		<annotation cp='[🔸]' tts='small orange diamond'>diamond; geometric; orange</annotation>
		<annotation cp='[🔹]' tts='small blue diamond'>blue; diamond; geometric</annotation>
		<annotation cp='[🔺]' tts='red triangle pointed up'>geometric; red</annotation>
		<annotation cp='[🔻]' tts='red triangle pointed down'>down; geometric; red</annotation>
		<annotation cp='[💠]' tts='diamond with a dot'>comic; diamond; geometric; inside</annotation>
		<annotation cp='[🔘]' tts='radio button'>button; geometric; radio</annotation>
		<annotation cp='[🔲]' tts='black square button'>button; geometric; square</annotation>
		<annotation cp='[🔳]' tts='white square button'>button; geometric; outlined; square</annotation>
		<annotation cp='[⚪]' tts='white circle'>circle; geometric</annotation>
		<annotation cp='[⚫]' tts='black circle'>circle; geometric</annotation>
		<annotation cp='[🔴]' tts='red circle'>circle; geometric; red</annotation>
		<annotation cp='[🔵]' tts='blue circle'>blue; circle; geometric</annotation>
	</annotations>
</ldml>