<?xml version='1.0' encoding='UTF-8' ?>
<!DOCTYPE ldml SYSTEM '../../common/dtd/ldml.dtd'>
<!--	© 1991-2015 Unicode, Inc.
	Unicode and the Unicode Logo are registered trademarks of Unicode, Inc. in the U.S. and other countries.
	For terms of use, see http://www.unicode.org/copyright.html
	CLDR data files are interpreted according to the LDML specification (http://unicode.org/reports/tr35/)

	DO NOT CHANGE MANUALLY! Generated by: GenerateOtherAnnotations
 -->
<ldml>
	<identity>
		<version number="$Revision: 12320 $"/>
		<language type='fr'/>
	</identity>
	<annotations>

		<!-- grinning face; face; grin -->
		<annotation cp='[😀]' tts='grand sourire'>sourire</annotation>

		<!-- grinning face with smiling eyes; eye; face; grin; smile -->
		<annotation cp='[😁]' tts='sourire de toutes ses dents'>sourire; dents</annotation>

		<!-- face with tears of joy; face; joy; laugh; tear -->
		<annotation cp='[😂]' tts='rire aux larmes'>sourire; larmes</annotation>

		<!-- smiling face with open mouth; face; mouth; open; smile -->
		<annotation cp='[😃]' tts='sourire heureux'>sourire</annotation>

		<!-- smiling face with open mouth and smiling eyes; eye; face; mouth; open; smile -->
		<annotation cp='[😄]' tts='sourire mignon'>sourire</annotation>

		<!-- smiling face with open mouth and cold sweat; cold; face; open; smile; sweat -->
		<annotation cp='[😅]' tts='sourire nerveux'>sourire</annotation>

		<!-- face savouring delicious food; delicious; face; savouring; smile; um; yum -->
		<annotation cp='[😋]' tts='miam'>langue</annotation>

		<!-- smiling face with sunglasses; bright; cool; eye; eyewear; face; glasses; smile; sun; sunglasses; weather -->
		<annotation cp='[😎]' tts='cool'>lunettes de soleil</annotation>

		<!-- face throwing a kiss; face; heart; kiss -->
		<annotation cp='[😘]' tts='bisou et cœur'>bisou; cœur</annotation>

		<!-- kissing face; face; kiss -->
		<annotation cp='[😗]' tts='petit bisou'>bisou</annotation>

		<!-- kissing face with smiling eyes; eye; face; kiss; smile -->
		<annotation cp='[😙]' tts='gros bisou'>bisou</annotation>

		<!-- kissing face with closed eyes; closed; eye; face; kiss -->
		<annotation cp='[😚]' tts='bisou les yeux fermés'>bisou</annotation>

		<!-- smiling face; face; outlined; relaxed; smile -->
		<annotation cp='[☺]' tts='smiley'>sourire</annotation>

		<!-- slightly smiling face; face; smile -->
		<annotation cp='[🙂]' tts='léger sourire'>sourire</annotation>

		<!-- smiling face with halo; angel; face; fairy tale; fantasy; halo; innocent; smile -->
		<annotation cp='[😇]' tts='auréole'>ange</annotation>

		<!-- neutral face; deadpan; face; neutral -->
		<annotation cp='[😐]' tts='sans commentaires'>neutre</annotation>

		<!-- face without mouth; face; mouth; quiet; silent -->
		<annotation cp='[😶]' tts='pas de bouche'>muet</annotation>

		<!-- face with rolling eyes; eyes; face; rolling -->
		<annotation cp='[🙄]' tts='rouler des yeux'>yeux; roulement</annotation>

		<!-- smirking face; face; smirk -->
		<annotation cp='[😏]' tts='sourire malin'>sourire; malin</annotation>

		<!-- disappointed but relieved face; disappointed; face; relieved; whew -->
		<annotation cp='[😥]' tts='ouf'>pfiou</annotation>

		<!-- face with open mouth; face; mouth; open; sympathy -->
		<annotation cp='[😮]' tts='épaté'>surpris</annotation>

		<!-- upside-down face; face; upside-down -->
		<annotation cp='[🙃]' tts='tête à l&apos;envers'>tête; renversée</annotation>

		<!-- face with medical mask; cold; doctor; face; mask; medicine; sick -->
		<annotation cp='[😷]' tts='visage avec masque'>masque</annotation>

		<!-- face with head-bandage; bandage; face; hurt; injury -->
		<annotation cp='[🤕]' tts='bandage de tête'>bandage; tête</annotation>

		<!-- money-mouth face; face; money; mouth -->
		<annotation cp='[🤑]' tts='argent dans les yeux et la bouche'>argent; yeux; bouche</annotation>

		<!-- crying face; cry; face; sad; tear -->
		<annotation cp='[😢]' tts='larme'>larmes</annotation>

		<!-- angry face; angry; face; mad -->
		<annotation cp='[😠]' tts='en colère'>colère</annotation>

		<!-- imp; demon; devil; face; fairy tale; fantasy -->
		<annotation cp='[👿]' tts='diablotin mauvais'>diablotin; mauvais</annotation>

		<!-- ogre; creature; face; fairy tale; fantasy; japanese; monster -->
		<annotation cp='[👹]' tts='ogre japonais'>ogre; japonais</annotation>

		<!-- goblin; creature; face; fairy tale; fantasy; japanese; monster -->
		<annotation cp='[👺]' tts='monstre japonais'>monstre; japonais</annotation>

		<!-- skull and crossbones; body; crossbones; death; face; monster; skull -->
		<annotation cp='[☠]' tts='tête de mort'>tête; mort; crâne; os</annotation>

		<!-- alien monster; alien; creature; extraterrestrial; face; fairy tale; fantasy; monster; space; ufo -->
		<annotation cp='[👾]' tts='monstre de l&apos;espace'>monstre; espace</annotation>

		<!-- smiling cat face with open mouth; cat; face; mouth; open; smile -->
		<annotation cp='[😺]' tts='chat qui sourit'>chat; sourire</annotation>

		<!-- grinning cat face with smiling eyes; cat; eye; face; grin; smile -->
		<annotation cp='[😸]' tts='chat grand sourire'>chat; sourire</annotation>

		<!-- cat face with tears of joy; cat; face; joy; tear -->
		<annotation cp='[😹]' tts='chat qui rit'>chat; sourire</annotation>

		<!-- smiling cat face with heart-shaped eyes; cat; eye; face; heart; love; smile -->
		<annotation cp='[😻]' tts='chat amoureux'>chat; amoureux</annotation>

		<!-- cat face with wry smile; cat; face; ironic; smile; wry -->
		<annotation cp='[😼]' tts='chat ironique'>chat; ironique</annotation>

		<!-- kissing cat face with closed eyes; cat; eye; face; kiss -->
		<annotation cp='[😽]' tts='chat qui embrasse'>chat; bisou</annotation>

		<!-- weary cat face; cat; face; oh; surprised; weary -->
		<annotation cp='[🙀]' tts='chat inquiet'>chat; inquiet</annotation>

		<!-- crying cat face; cat; cry; face; sad; tear -->
		<annotation cp='[😿]' tts='chat qui pleure'>chat; pleure</annotation>

		<!-- pouting cat face; cat; face; pouting -->
		<annotation cp='[😾]' tts='chat en colère'>chat; colère</annotation>

		<!-- see-no-evil; evil; face; forbidden; gesture; monkey; no; not; prohibited; see -->
		<annotation cp='[🙈]' tts='singe aveugle'>singe; aveugle</annotation>

		<!-- hear-no-evil; evil; face; forbidden; gesture; hear; monkey; no; not; prohibited -->
		<annotation cp='[🙉]' tts='singe sourd'>singe; sourd</annotation>

		<!-- speak-no-evil; evil; face; forbidden; gesture; monkey; no; not; prohibited; speak -->
		<annotation cp='[🙊]' tts='singe muet'>singe; muet</annotation>

		<!-- old man; man; old -->
		<annotation cp='[👴]' tts='homme âgé'>homme; âgé</annotation>

		<!-- old woman; old; woman -->
		<annotation cp='[👵]' tts='femme âgée'>femme; âgée</annotation>

		<!-- man with turban; man; turban -->
		<annotation cp='[👳]' tts='homme avec turban'>turban</annotation>

		<!-- helmet with white cross; aid; cross; face; hat; helmet -->
		<annotation cp='[⛑]' tts='casque croix blanche'>casque; croix; blanche</annotation>

		<!-- santa claus; celebration; christmas; fairy tale; fantasy; father; santa -->
		<annotation cp='[🎅]' tts='père noël'>père; noël</annotation>

		<!-- person frowning; frown; gesture -->
		<annotation cp='[🙍]' tts='personne étonnée'>froncer; sourcils</annotation>

		<!-- person pouting; gesture; pouting -->
		<annotation cp='[🙎]' tts='personne qui boude'>bouder; moue</annotation>

		<!-- gesturing no; forbidden; gesture; hand; no; not; prohibited -->
		<annotation cp='[🙅]' tts='geste d&apos;interdiction'>interdit</annotation>

		<!-- gesturing ok; gesture; hand; ok -->
		<annotation cp='[🙆]' tts='geste d&apos;accord'>non</annotation>

		<!-- information desk person; hand; help; information; sassy -->
		<annotation cp='[💁]' tts='assistance'>ok</annotation>

		<!-- person bowing; apology; bow; gesture; sorry -->
		<annotation cp='[🙇]' tts='désolé'>incliné</annotation>

		<!-- person raising hands; body; celebration; gesture; hand; hooray; raised -->
		<annotation cp='[🙌]' tts='hourra'>mains; air</annotation>

		<!-- folded hands; ask; body; bow; folded; gesture; hand; please; pray; thanks -->
		<annotation cp='[🙏]' tts='mains en prière'>pirère</annotation>

		<!-- speaking head; face; head; silhouette; speak; speaking -->
		<annotation cp='[🗣]' tts='tête qui parle'>parler</annotation>

		<!-- bust in silhouette; bust; silhouette -->
		<annotation cp='[👤]' tts='silhouette de buste'>buste</annotation>

		<!-- busts in silhouette; bust; silhouette -->
		<annotation cp='[👥]' tts='silhouettes de bustes'>bustes</annotation>

		<!-- pedestrian; hike; walk; walking -->
		<annotation cp='[🚶]' tts='personne qui marche'>piéton</annotation>

		<!-- runner; marathon; running -->
		<annotation cp='[🏃]' tts='course à pied'>coureur</annotation>

		<!-- man in business suit levitating; business; man; suit -->
		<annotation cp='[🕴]' tts='homme d&apos;affaires en lévitation'>homme; affaires</annotation>

		<!-- man and woman holding hands; couple; hand; hold; man; woman -->
		<annotation cp='[👫]' tts='homme et femme'>homme; femme; couple</annotation>

		<!-- two men holding hands; couple; gemini; hand; hold; man; twins; zodiac -->
		<annotation cp='[👬]' tts='deux hommes'>couple; jumeaux</annotation>

		<!-- two women holding hands; couple; hand; hold; woman -->
		<annotation cp='[👭]' tts='deux femmes'>couple; jumelles</annotation>

		<!-- skin type-1-2; emoji modifier; fitzpatrick; skin; tone -->
		<annotation cp='[🏻]' tts='peau 1'>peau</annotation>

		<!-- skin type-3; emoji modifier; fitzpatrick; skin; tone -->
		<annotation cp='[🏼]' tts='peau 2'>peau</annotation>

		<!-- skin type-4; emoji modifier; fitzpatrick; skin; tone -->
		<annotation cp='[🏽]' tts='peau 3'>peau</annotation>

		<!-- skin type-5; emoji modifier; fitzpatrick; skin; tone -->
		<annotation cp='[🏾]' tts='peau 4'>peau</annotation>

		<!-- skin type-6; emoji modifier; fitzpatrick; skin; tone -->
		<annotation cp='[🏿]' tts='peau 5'>peau</annotation>

		<!-- index pointing up; body; finger; hand; index; point; up -->
		<annotation cp='[☝]' tts='doigt vers le haut'>index</annotation>

		<!-- backhand index pointing up; backhand; body; finger; hand; index; point; up -->
		<annotation cp='[👆]' tts='main vers le haut'>index</annotation>

		<!-- middle finger; body; finger; hand -->
		<annotation cp='[🖕]' tts='doigt d&apos;honneur'>majeur</annotation>

		<!-- victory hand; body; hand; v; victory -->
		<annotation cp='[✌]' tts='V de la victoire'>victoire; ciseaux</annotation>

		<!-- vulcan salute; body; finger; hand; spock; vulcan -->
		<annotation cp='[🖖]' tts='salut vulcain'>vulcain</annotation>

		<!-- sign of the horns; body; finger; hand; horns; rock-on -->
		<annotation cp='[🤘]' tts='cornes avec les doigts'>cornes</annotation>

		<!-- raised hand with fingers splayed; body; finger; hand; splayed -->
		<annotation cp='[🖐]' tts='main levée doigts écartés'>main</annotation>

		<!-- raised hand; body; hand -->
		<annotation cp='[✋]' tts='main levée'>main; feuille</annotation>

		<!-- ok hand; body; hand; ok -->
		<annotation cp='[👌]' tts='ok'>geste; main</annotation>

		<!-- thumbs up; +1; body; hand; thumb; up -->
		<annotation cp='[👍]' tts='pouce levé'>super</annotation>

		<!-- thumbs down; -1; body; down; hand; thumb -->
		<annotation cp='[👎]' tts='pouce baissé'>nul</annotation>

		<!-- raised fist; body; clenched; fist; hand; punch -->
		<annotation cp='[✊]' tts='poing levé'>poing; pierre</annotation>

		<!-- waving hand; body; hand; wave; waving -->
		<annotation cp='[👋]' tts='signe de la main'>coucou; main</annotation>

		<!-- clapping hands; body; clap; hand -->
		<annotation cp='[👏]' tts='applaudissements'>bravo</annotation>

		<!-- open hands; body; hand; open -->
		<annotation cp='[👐]' tts='mains ouvertes'>main; ouvert</annotation>

		<!-- writing hand; body; hand; write -->
		<annotation cp='[✍]' tts='main qui écrit'>écrire</annotation>

		<!-- nail polish; body; care; cosmetics; manicure; nail; polish -->
		<annotation cp='[💅]' tts='vernis à ongles'>maquillage</annotation>

		<!-- footprints; body; clothing; footprint; print -->
		<annotation cp='[👣]' tts='traces de pas'>pied</annotation>

		<!-- kiss mark; heart; kiss; lips; mark; romance -->
		<annotation cp='[💋]' tts='trace de rouge à lèvres'>rouge</annotation>

		<!-- heart with arrow; arrow; cupid; heart; romance -->
		<annotation cp='[💘]' tts='cœur et flèche'>cœur</annotation>

		<!-- red heart; heart -->
		<annotation cp='[❤]' tts='cœur rouge'>cœur</annotation>

		<!-- beating heart; beating; heart; heartbeat; pulsating -->
		<annotation cp='[💓]' tts='cœur battant'>cœur</annotation>

		<!-- broken heart; break; broken; heart -->
		<annotation cp='[💔]' tts='cœur brisé'>cœur</annotation>

		<!-- two hearts; heart; love -->
		<annotation cp='[💕]' tts='petits cœurs'>cœurs</annotation>

		<!-- sparkling heart; excited; heart; sparkle -->
		<annotation cp='[💖]' tts='cœur étincelant'>cœur</annotation>

		<!-- growing heart; excited; growing; heart; heartpulse; nervous -->
		<annotation cp='[💗]' tts='cœur grandissant'>cœur</annotation>

		<!-- blue heart; blue; heart -->
		<annotation cp='[💙]' tts='cœur bleu'>cœur</annotation>

		<!-- green heart; green; heart -->
		<annotation cp='[💚]' tts='cœur vert'>cœur</annotation>

		<!-- yellow heart; heart; yellow -->
		<annotation cp='[💛]' tts='cœur jaune'>cœur</annotation>

		<!-- purple heart; heart; purple -->
		<annotation cp='[💜]' tts='cœur violet'>cœur</annotation>

		<!-- heart with ribbon; heart; ribbon; valentine -->
		<annotation cp='[💝]' tts='cœur avec ruban'>cœur</annotation>

		<!-- revolving hearts; heart; revolving -->
		<annotation cp='[💞]' tts='deux cœurs'>cœurs</annotation>

		<!-- heavy heart exclamation mark ornament; exclamation; heart; mark; punctuation -->
		<annotation cp='[❣]' tts='cœur point d&apos;exclamation'>cœur</annotation>

		<!-- love letter; heart; letter; love; mail; romance -->
		<annotation cp='[💌]' tts='lettre d&apos;amour'>lettre; amour</annotation>

		<!-- zzz; comic; sleep -->
		<annotation cp='[💤]' tts='endormi'>dormir; ronfler</annotation>

		<!-- collision; boom; comic -->
		<annotation cp='[💥]' tts='explosion'>collision</annotation>

		<!-- sweat droplets; comic; splashing; sweat -->
		<annotation cp='[💦]' tts='gouttes de sueur'>sueur</annotation>

		<!-- dashing; comic; dash; running -->
		<annotation cp='[💨]' tts='décamper'>filer</annotation>

		<!-- dizzy; comic; star -->
		<annotation cp='[💫]' tts='voir des étoiles'>tournis</annotation>

		<!-- speech balloon; balloon; bubble; comic; dialog; speech -->
		<annotation cp='[💬]' tts='bulle de parole'>bulle</annotation>

		<!-- left speech bubble; dialog; speech -->
		<annotation cp='[🗨]' tts='bulle gauche'>bulle; gauche</annotation>

		<!-- right anger bubble; angry; balloon; bubble; mad -->
		<annotation cp='[🗯]' tts='bulle colère droite'>bulle; colère; droite</annotation>

		<!-- thought balloon; balloon; bubble; comic; thought -->
		<annotation cp='[💭]' tts='bulle de pensée'>bulle; pensée</annotation>

		<!-- sunglasses; dark; eye; eyewear; glasses -->
		<annotation cp='[🕶]' tts='lunettes de soleil'>lunettes; soleil</annotation>

		<!-- t-shirt; clothing; shirt; tshirt -->
		<annotation cp='[👕]' tts='T-shirt'>tee-shirt</annotation>

		<!-- jeans; clothing; pants; trousers -->
		<annotation cp='[👖]' tts='jean'>pantalon</annotation>

		<!-- bikini; clothing; swim -->
		<annotation cp='[👙]' tts='bikini'>maillot de bain</annotation>

		<!-- handbag; bag; clothing -->
		<annotation cp='[👜]' tts='sac à main'>sac</annotation>

		<!-- pouch; bag; clothing -->
		<annotation cp='[👝]' tts='pochette'>sac</annotation>

		<!-- shopping bags; bag; hotel; shopping -->
		<annotation cp='[🛍]' tts='sacs de shopping'>shopping</annotation>

		<!-- school backpack; bag; satchel; school -->
		<annotation cp='[🎒]' tts='cartable'>école</annotation>

		<!-- running shoe; athletic; clothing; shoe; sneaker -->
		<annotation cp='[👟]' tts='chaussure de sport'>chaussure</annotation>

		<!-- high-heeled shoe; clothing; heel; shoe; woman -->
		<annotation cp='[👠]' tts='talon haut'>chaussure</annotation>

		<!-- woman’s sandal; clothing; sandal; shoe; woman -->
		<annotation cp='[👡]' tts='sandale'>chaussure</annotation>

		<!-- woman’s boot; boot; clothing; shoe; woman -->
		<annotation cp='[👢]' tts='botte'>chaussure</annotation>

		<!-- top hat; clothing; hat; top; tophat -->
		<annotation cp='[🎩]' tts='haut de forme'>chapeau</annotation>

		<!-- graduation cap; cap; celebration; clothing; graduation; hat -->
		<annotation cp='[🎓]' tts='diplôme'>chapeau</annotation>

		<!-- lipstick; cosmetics; makeup -->
		<annotation cp='[💄]' tts='rouge à lèvres'>maquillage</annotation>

		<!-- ring; diamond; romance -->
		<annotation cp='[💍]' tts='bague'>amour</annotation>

		<!-- monkey face; face; monkey -->
		<annotation cp='[🐵]' tts='tête de singe'>animal; singe</annotation>

		<!-- monkey -->
		<annotation cp='[🐒]' tts='singe'>animal</annotation>

		<!-- dog face; dog; face; pet -->
		<annotation cp='[🐶]' tts='tête de chien'>animal; chien</annotation>

		<!-- dog; pet -->
		<annotation cp='[🐕]' tts='chien'>animal</annotation>

		<!-- poodle; dog -->
		<annotation cp='[🐩]' tts='caniche'>animal; chien</annotation>

		<!-- wolf face; face; wolf -->
		<annotation cp='[🐺]' tts='loup'>animal</annotation>

		<!-- cat face; cat; face; pet -->
		<annotation cp='[🐱]' tts='tête de chat'>animal; chat</annotation>

		<!-- cat; pet -->
		<annotation cp='[🐈]' tts='chat'>animal</annotation>

		<!-- lion face; face; leo; lion; zodiac -->
		<annotation cp='[🦁]' tts='tête de lion'>animal; lion</annotation>

		<!-- tiger face; face; tiger -->
		<annotation cp='[🐯]' tts='tête de tigre'>animal; tigre</annotation>

		<!-- tiger -->
		<annotation cp='[🐅]' tts='tigre'>animal</annotation>

		<!-- leopard -->
		<annotation cp='[🐆]' tts='léopard'>animal</annotation>

		<!-- horse face; face; horse -->
		<annotation cp='[🐴]' tts='tête de cheval'>animal; cheval</annotation>

		<!-- horse; racehorse; racing -->
		<annotation cp='[🐎]' tts='cheval'>animal</annotation>

		<!-- unicorn face; face; unicorn -->
		<annotation cp='[🦄]' tts='tête de licorne'>animal; licrone</annotation>

		<!-- cow face; cow; face -->
		<annotation cp='[🐮]' tts='tête de vache'>animal; vache</annotation>

		<!-- ox; bull; taurus; zodiac -->
		<annotation cp='[🐂]' tts='bœuf'>animal</annotation>

		<!-- water buffalo; buffalo; water -->
		<annotation cp='[🐃]' tts='buffle'>animal</annotation>

		<!-- cow -->
		<annotation cp='[🐄]' tts='vache'>animal</annotation>

		<!-- pig face; face; pig -->
		<annotation cp='[🐷]' tts='tête de cochon'>animal; cochon</annotation>

		<!-- pig; sow -->
		<annotation cp='[🐖]' tts='cochon'>animal</annotation>

		<!-- boar; pig -->
		<annotation cp='[🐗]' tts='sanglier'>animal</annotation>

		<!-- pig nose; face; nose; pig -->
		<annotation cp='[🐽]' tts='groin'>cochon</annotation>

		<!-- ram; aries; sheep; zodiac -->
		<annotation cp='[🐏]' tts='bélier'>animal</annotation>

		<!-- sheep; ewe -->
		<annotation cp='[🐑]' tts='mouton'>animal</annotation>

		<!-- goat; capricorn; zodiac -->
		<annotation cp='[🐐]' tts='chèvre'>animal</annotation>

		<!-- camel; dromedary; hump -->
		<annotation cp='[🐪]' tts='dromadaire'>animal</annotation>

		<!-- two-hump camel; bactrian; camel; hump -->
		<annotation cp='[🐫]' tts='chameau'>animal</annotation>

		<!-- elephant -->
		<annotation cp='[🐘]' tts='éléphant'>animal; elephant</annotation>

		<!-- mouse face; face; mouse -->
		<annotation cp='[🐭]' tts='tête de souris'>animal; souris</annotation>

		<!-- mouse -->
		<annotation cp='[🐁]' tts='souris'>animal</annotation>

		<!-- rat -->
		<annotation cp='[🐀]' tts='rat'>animal</annotation>

		<!-- hamster face; face; hamster; pet -->
		<annotation cp='[🐹]' tts='hamster'>animal</annotation>

		<!-- rabbit face; bunny; face; pet; rabbit -->
		<annotation cp='[🐰]' tts='tête de lapin'>animal; lapin</annotation>

		<!-- rabbit; bunny; pet -->
		<annotation cp='[🐇]' tts='lapin'>animal</annotation>

		<!-- chipmunk -->
		<annotation cp='[🐿]' tts='écureuil'>animal</annotation>

		<!-- bear face; bear; face -->
		<annotation cp='[🐻]' tts='ours'>animal</annotation>

		<!-- koala; bear -->
		<annotation cp='[🐨]' tts='koala'>animal</annotation>

		<!-- panda face; face; panda -->
		<annotation cp='[🐼]' tts='panda'>animal</annotation>

		<!-- paw prints; feet; paw; print -->
		<annotation cp='[🐾]' tts='empreintes'>pattes</annotation>

		<!-- turkey -->
		<annotation cp='[🦃]' tts='dindon'>animal</annotation>

		<!-- chicken -->
		<annotation cp='[🐔]' tts='poule'>animal</annotation>

		<!-- rooster -->
		<annotation cp='[🐓]' tts='coq'>animal: coq</annotation>

		<!-- hatching chick; baby; chick; hatching -->
		<annotation cp='[🐣]' tts='poussin qui éclôt'>animal; poussin</annotation>

		<!-- baby chick; baby; chick -->
		<annotation cp='[🐤]' tts='tête de poussin'>animal; poussin</annotation>

		<!-- front-facing baby chick; baby; chick -->
		<annotation cp='[🐥]' tts='poussin'>animal</annotation>

		<!-- penguin -->
		<annotation cp='[🐧]' tts='pingouin'>animal</annotation>

		<!-- dove; bird; fly; peace -->
		<annotation cp='[🕊]' tts='colombe'>oiseau</annotation>

		<!-- frog face; face; frog -->
		<annotation cp='[🐸]' tts='grenouille'>animal</annotation>

		<!-- crocodile -->
		<annotation cp='[🐊]' tts='crocodile'>animal</annotation>

		<!-- turtle -->
		<annotation cp='[🐢]' tts='tortue'>animal</annotation>

		<!-- snake; bearer; ophiuchus; serpent; zodiac -->
		<annotation cp='[🐍]' tts='serpent'>animal</annotation>

		<!-- dragon face; dragon; face; fairy tale -->
		<annotation cp='[🐲]' tts='tête de dragon'>animal; dragon</annotation>

		<!-- dragon; fairy tale -->
		<annotation cp='[🐉]' tts='dragon'>animal</annotation>

		<!-- spouting whale; face; spouting; whale -->
		<annotation cp='[🐳]' tts='baleine avec évent'>animal; baleine</annotation>

		<!-- whale -->
		<annotation cp='[🐋]' tts='baleine'>animal</annotation>

		<!-- dolphin; flipper -->
		<annotation cp='[🐬]' tts='dauphin'>animal</annotation>

		<!-- tropical fish; fish; tropical -->
		<annotation cp='[🐠]' tts='poisson tropical'>poisson; animal</annotation>

		<!-- blowfish; fish -->
		<annotation cp='[🐡]' tts='poisson-lune'>poisson; animal</annotation>

		<!-- octopus -->
		<annotation cp='[🐙]' tts='pieuvre'>animal</annotation>

		<!-- crab; cancer; zodiac -->
		<annotation cp='[🦀]' tts='crabe'>animal</annotation>

		<!-- snail -->
		<annotation cp='[🐌]' tts='escargot'>animal</annotation>

		<!-- bug; insect -->
		<annotation cp='[🐛]' tts='chenille'>animal</annotation>

		<!-- ant; insect -->
		<annotation cp='[🐜]' tts='fourmi'>animal</annotation>

		<!-- honeybee; bee; insect -->
		<annotation cp='[🐝]' tts='abeille'>animal</annotation>

		<!-- lady beetle; beetle; insect; ladybird; ladybug -->
		<annotation cp='[🐞]' tts='coccinelle'>animal</annotation>

		<!-- spider; insect -->
		<annotation cp='[🕷]' tts='araignée'>animal</annotation>

		<!-- spider web; spider; web -->
		<annotation cp='[🕸]' tts='toile d&apos;araignée'>toile; araignée</annotation>

		<!-- scorpion; scorpio; scorpius; zodiac -->
		<annotation cp='[🦂]' tts='scorpion'>animal</annotation>

		<!-- cherry blossom; blossom; cherry; flower; plant -->
		<annotation cp='[🌸]' tts='fleur de cerisier'>fleur</annotation>

		<!-- rosette; plant -->
		<annotation cp='[🏵]' tts='rosette'>plante</annotation>

		<!-- rose; flower; plant -->
		<annotation cp='[🌹]' tts='rose'>fleur</annotation>

		<!-- hibiscus; flower; plant -->
		<annotation cp='[🌺]' tts='hibiscus'>fleur</annotation>

		<!-- sunflower; flower; plant; sun -->
		<annotation cp='[🌻]' tts='tournesol'>fleur</annotation>

		<!-- blossom; flower; plant -->
		<annotation cp='[🌼]' tts='bourgeon'>fleur</annotation>

		<!-- tulip; flower; plant -->
		<annotation cp='[🌷]' tts='tulipe'>fleur</annotation>

		<!-- seedling; plant; young -->
		<annotation cp='[🌱]' tts='jeune pousse'>germe; nouveau</annotation>

		<!-- evergreen; plant; tree -->
		<annotation cp='[🌲]' tts='sapin'>arbre</annotation>

		<!-- palm tree; palm; plant; tree -->
		<annotation cp='[🌴]' tts='palmier'>arbre</annotation>

		<!-- sheaf of rice; ear; plant; rice -->
		<annotation cp='[🌾]' tts='plant de riz'>riz</annotation>

		<!-- herb; leaf; plant -->
		<annotation cp='[🌿]' tts='feuille'>plante</annotation>

		<!-- four leaf clover; 4; clover; four; leaf; plant -->
		<annotation cp='[🍀]' tts='trèfle à quatre feuilles'>trèfle; chance</annotation>

		<!-- maple leaf; falling; leaf; maple; plant -->
		<annotation cp='[🍁]' tts='feuille d&apos;érable'>feuille</annotation>

		<!-- fallen leaf; falling; leaf; plant -->
		<annotation cp='[🍂]' tts='feuilles mortes'>feuille</annotation>

		<!-- leaf fluttering in wind; blow; flutter; leaf; plant; wind -->
		<annotation cp='[🍃]' tts='tourbillon de feuilles'>feuille</annotation>

		<!-- grapes; fruit; grape; plant -->
		<annotation cp='[🍇]' tts='raisin'>fruit</annotation>

		<!-- melon; fruit; plant -->
		<annotation cp='[🍈]' tts='melon'>fruit</annotation>

		<!-- watermelon; fruit; plant -->
		<annotation cp='[🍉]' tts='pastèque'>fruit</annotation>

		<!-- tangerine; fruit; orange; plant -->
		<annotation cp='[🍊]' tts='mandarine'>orange; fruit</annotation>

		<!-- lemon; citrus; fruit; plant -->
		<annotation cp='[🍋]' tts='citron'>fruit</annotation>

		<!-- banana; fruit; plant -->
		<annotation cp='[🍌]' tts='banane'>fruit</annotation>

		<!-- pineapple; fruit; plant -->
		<annotation cp='[🍍]' tts='ananas'>fruit</annotation>

		<!-- red apple; apple; fruit; plant; red -->
		<annotation cp='[🍎]' tts='pomme rouge'>pomme; fruit</annotation>

		<!-- green apple; apple; fruit; green; plant -->
		<annotation cp='[🍏]' tts='pomme verte'>pomme; fruit</annotation>

		<!-- pear; fruit; plant -->
		<annotation cp='[🍐]' tts='poire'>fruit</annotation>

		<!-- peach; fruit; plant -->
		<annotation cp='[🍑]' tts='pêche'>fruit</annotation>

		<!-- cherries; cherry; fruit; plant -->
		<annotation cp='[🍒]' tts='cerise'>fruit</annotation>

		<!-- strawberry; berry; fruit; plant -->
		<annotation cp='[🍓]' tts='fraise'>fruit</annotation>

		<!-- eggplant; aubergine; plant; vegetable -->
		<annotation cp='[🍆]' tts='aubergine'>légume</annotation>

		<!-- ear of corn; corn; ear; maize; maze; plant -->
		<annotation cp='[🌽]' tts='épi de maïs'>maïs</annotation>

		<!-- hot pepper; hot; pepper; plant -->
		<annotation cp='[🌶]' tts='piment rouge'>piment</annotation>

		<!-- meat on bone; bone; meat -->
		<annotation cp='[🍖]' tts='os'>viande</annotation>

		<!-- poultry leg; bone; chicken; leg; poultry -->
		<annotation cp='[🍗]' tts='cuisse de poulet'>poulet</annotation>

		<!-- bento box; bento; box -->
		<annotation cp='[🍱]' tts='boîte déjeuner'>boîte; déjeuner</annotation>

		<!-- rice cracker; cracker; rice -->
		<annotation cp='[🍘]' tts='galette de riz'>riz</annotation>

		<!-- rice ball; ball; japanese; rice -->
		<annotation cp='[🍙]' tts='boulette de riz'>riz</annotation>

		<!-- cooked rice; cooked; rice -->
		<annotation cp='[🍚]' tts='bol de riz'>riz</annotation>

		<!-- spaghetti; pasta -->
		<annotation cp='[🍝]' tts='spaghetti'>pâtes</annotation>

		<!-- roasted sweet potato; potato; roasted; sweet -->
		<annotation cp='[🍠]' tts='patate douce'>patate</annotation>

		<!-- oden; kebab; seafood; skewer; stick -->
		<annotation cp='[🍢]' tts='brochette de poisson'>brochette</annotation>

		<!-- fried shrimp; fried; prawn; shrimp; tempura -->
		<annotation cp='[🍤]' tts='beignet de crevette'>crevette</annotation>

		<!-- fish cake with swirl; cake; fish; pastry; swirl -->
		<annotation cp='[🍥]' tts='croquette de poisson'>poisson</annotation>

		<!-- dango; dessert; japanese; skewer; stick; sweet -->
		<annotation cp='[🍡]' tts='brochette de bonbons'>bonbons</annotation>

		<!-- soft ice cream; cream; dessert; ice; icecream; soft; sweet -->
		<annotation cp='[🍦]' tts='glace italienne'>glace</annotation>

		<!-- shaved ice; dessert; ice; shaved; sweet -->
		<annotation cp='[🍧]' tts='granité'>glace</annotation>

		<!-- birthday cake; birthday; cake; celebration; dessert; pastry; sweet -->
		<annotation cp='[🎂]' tts='gâteau d&apos;anniversaire'>anniversaire</annotation>

		<!-- hot beverage; beverage; coffee; drink; hot; steaming; tea -->
		<annotation cp='[☕]' tts='boisson chaude'>boisson</annotation>

		<!-- teacup without handle; beverage; cup; drink; tea; teacup -->
		<annotation cp='[🍵]' tts='tasse'>thé</annotation>

		<!-- sake; bar; beverage; bottle; cup; drink -->
		<annotation cp='[🍶]' tts='saké'>bouteille</annotation>

		<!-- wine glass; bar; beverage; drink; glass; wine -->
		<annotation cp='[🍷]' tts='verre de vin'>vin; verre</annotation>

		<!-- cocktail glass; bar; cocktail; drink; glass -->
		<annotation cp='[🍸]' tts='cocktail'>verre</annotation>

		<!-- tropical drink; bar; drink; tropical -->
		<annotation cp='[🍹]' tts='cocktail tropical'>verre</annotation>

		<!-- beer mug; bar; beer; drink; mug -->
		<annotation cp='[🍺]' tts='chope'>bière</annotation>

		<!-- clinking beer mugs; bar; beer; clink; drink; mug -->
		<annotation cp='[🍻]' tts='chopes de bière'>trinquer; bière</annotation>

		<!-- fork and knife; cooking; fork; knife -->
		<annotation cp='[🍴]' tts='couteau et fourchette'>restaurant</annotation>

		<!-- globe showing europe-africa; africa; earth; europe; globe; world -->
		<annotation cp='[🌍]' tts='globe europe afrique'>europe; afrique</annotation>

		<!-- globe showing americas; americas; earth; globe; world -->
		<annotation cp='[🌎]' tts='globe amériques'>amérique</annotation>

		<!-- globe showing asia-australia; asia; australia; earth; globe; world -->
		<annotation cp='[🌏]' tts='globe asie australie'>asie; australie</annotation>

		<!-- globe with meridians; earth; globe; meridians; world -->
		<annotation cp='[🌐]' tts='méridiens'>globe terrestre</annotation>

		<!-- world map; map; world -->
		<annotation cp='[🗺]' tts='carte du monde'>carte</annotation>

		<!-- snow-capped mountain; cold; mountain; snow -->
		<annotation cp='[🏔]' tts='montagne enneigée'>montagne</annotation>

		<!-- volcano; eruption; mountain; weather -->
		<annotation cp='[🌋]' tts='volcan'>éruption</annotation>

		<!-- mount fuji; fuji; mountain -->
		<annotation cp='[🗻]' tts='mont Fuji'>montagne</annotation>

		<!-- beach with umbrella; beach; umbrella -->
		<annotation cp='[🏖]' tts='plage parasol'>plage; parasol</annotation>

		<!-- desert island; desert; island -->
		<annotation cp='[🏝]' tts='île déserte'>île</annotation>

		<!-- national park; park -->
		<annotation cp='[🏞]' tts='parc national'>nature</annotation>

		<!-- classical building; building; classical -->
		<annotation cp='[🏛]' tts='monument classique'>monument</annotation>

		<!-- building construction; building; construction -->
		<annotation cp='[🏗]' tts='construction d&apos;un bâtiment'>construction</annotation>

		<!-- derelict house building; building; derelict; house -->
		<annotation cp='[🏚]' tts='maison abandonnée'>maison</annotation>

		<!-- house with garden; building; garden; home; house -->
		<annotation cp='[🏡]' tts='maison avec jardin'>maison; jardin</annotation>

		<!-- shinto shrine; religion; shinto; shrine -->
		<annotation cp='[⛩]' tts='sanctuaire shinto'>shinto</annotation>

		<!-- office building; building -->
		<annotation cp='[🏢]' tts='bureaux'>immeuble</annotation>

		<!-- post office; building; european; post -->
		<annotation cp='[🏤]' tts='bureau de poste'>poste</annotation>

		<!-- hospital; building; doctor; medicine -->
		<annotation cp='[🏥]' tts='hôpital'>bâtiment</annotation>

		<!-- bank; building -->
		<annotation cp='[🏦]' tts='banque'>bâtiment</annotation>

		<!-- hotel; building -->
		<annotation cp='[🏨]' tts='hôtel'>bâtiment</annotation>

		<!-- love hotel; building; hotel; love -->
		<annotation cp='[🏩]' tts='hôtel amour'>bâtiment</annotation>

		<!-- convenience store; building; convenience; store -->
		<annotation cp='[🏪]' tts='supérette'>magasin</annotation>

		<!-- department store; building; department; store -->
		<annotation cp='[🏬]' tts='grand magasin'>magasin</annotation>

		<!-- factory; building -->
		<annotation cp='[🏭]' tts='usine'>bâtiment</annotation>

		<!-- japanese castle; building; castle; japanese -->
		<annotation cp='[🏯]' tts='château japonais'>bâtiment</annotation>

		<!-- wedding; chapel; romance -->
		<annotation cp='[💒]' tts='mariage'>amour</annotation>

		<!-- tokyo tower; tokyo; tower -->
		<annotation cp='[🗼]' tts='tour Tokyo'>Tokyo; tour</annotation>

		<!-- statue of liberty; liberty; statue -->
		<annotation cp='[🗽]' tts='statue de la liberté'>statue</annotation>

		<!-- tent; camping -->
		<annotation cp='[⛺]' tts='tente'>camping</annotation>

		<!-- foggy; fog; weather -->
		<annotation cp='[🌁]' tts='brume'>brouillard</annotation>

		<!-- night with stars; night; star; weather -->
		<annotation cp='[🌃]' tts='nuit étoilée'>étoiles; nuit</annotation>

		<!-- sunrise over mountains; morning; mountain; sun; sunrise; weather -->
		<annotation cp='[🌄]' tts='soleil levant montagnes'>soleil</annotation>

		<!-- sunrise; morning; sun; weather -->
		<annotation cp='[🌅]' tts='soleil levant'>soleil</annotation>

		<!-- cityscape at dusk; building; city; dusk; evening; landscape; sun; sunset; weather -->
		<annotation cp='[🌆]' tts='ville au crépuscule'>soleil</annotation>

		<!-- sunset; building; dusk; sun; weather -->
		<annotation cp='[🌇]' tts='coucher de soleil en ville'>soleil</annotation>

		<!-- bridge at night; bridge; night; weather -->
		<annotation cp='[🌉]' tts='pont nuit'>pont</annotation>

		<!-- hot springs; hot; hotsprings; springs; steaming -->
		<annotation cp='[♨]' tts='sources chaudes'>source</annotation>

		<!-- milky way; space; weather -->
		<annotation cp='[🌌]' tts='voie lactée'>espace</annotation>

		<!-- ferris wheel; amusement park; ferris; wheel -->
		<annotation cp='[🎡]' tts='grande roue'>roue</annotation>

		<!-- roller coaster; amusement park; coaster; roller -->
		<annotation cp='[🎢]' tts='montagnes russes'>montagnes; russes</annotation>

		<!-- circus tent; circus; tent -->
		<annotation cp='[🎪]' tts='chapiteau'>cirque</annotation>

		<!-- artist palette; art; museum; painting; palette -->
		<annotation cp='[🎨]' tts='palette de peinture'>peinture</annotation>

		<!-- slot machine; game; slot -->
		<annotation cp='[🎰]' tts='machine à sous'>jeu</annotation>

		<!-- locomotive; engine; railway; steam; train; vehicle -->
		<annotation cp='[🚂]' tts='locomotive'>train</annotation>

		<!-- high-speed train; railway; shinkansen; speed; train; vehicle -->
		<annotation cp='[🚄]' tts='TGV'>train</annotation>

		<!-- high-speed train with bullet nose; bullet; railway; shinkansen; speed; train; vehicle -->
		<annotation cp='[🚅]' tts='train à grande vitesse'>train</annotation>

		<!-- light rail; railway; vehicle -->
		<annotation cp='[🚈]' tts='métro léger'>métro</annotation>

		<!-- station; railway; train; vehicle -->
		<annotation cp='[🚉]' tts='gare'>train</annotation>

		<!-- tram; trolleybus; vehicle -->
		<annotation cp='[🚊]' tts='tram'>tramway</annotation>

		<!-- mountain railway; car; mountain; railway; vehicle -->
		<annotation cp='[🚞]' tts='train de montagne'>train</annotation>

		<!-- oncoming bus; bus; oncoming; vehicle -->
		<annotation cp='[🚍]' tts='bus de face'>bus</annotation>

		<!-- trolleybus; bus; tram; trolley; vehicle -->
		<annotation cp='[🚎]' tts='trolleybus'>trolley; bus</annotation>

		<!-- bus stop; bus; busstop; stop -->
		<annotation cp='[🚏]' tts='arrêt de bus'>bus</annotation>

		<!-- fire engine; engine; fire; truck; vehicle -->
		<annotation cp='[🚒]' tts='camion de pompier'>pompier</annotation>

		<!-- police car; car; patrol; police; vehicle -->
		<annotation cp='[🚓]' tts='voiture de police'>police</annotation>

		<!-- oncoming police car; car; oncoming; police; vehicle -->
		<annotation cp='[🚔]' tts='voiture de police de face'>police</annotation>

		<!-- oncoming taxi; oncoming; taxi; vehicle -->
		<annotation cp='[🚖]' tts='taxi de face'>taxi</annotation>

		<!-- automobile; car; vehicle -->
		<annotation cp='[🚗]' tts='voiture'>automobile</annotation>

		<!-- oncoming automobile; automobile; car; oncoming; vehicle -->
		<annotation cp='[🚘]' tts='voiture de face'>automobile</annotation>

		<!-- delivery truck; delivery; truck; vehicle -->
		<annotation cp='[🚚]' tts='camion de livraison'>camion</annotation>

		<!-- fuel pump; fuel; fuelpump; gas; pump; station -->
		<annotation cp='[⛽]' tts='pompe à essence'>essence; station</annotation>

		<!-- horizontal traffic light; light; signal; traffic -->
		<annotation cp='[🚥]' tts='feu tricolore horizontal'>feu; tricolore</annotation>

		<!-- vertical traffic light; light; signal; traffic -->
		<annotation cp='[🚦]' tts='feu tricolore vertical'>feu; tricolore</annotation>

		<!-- sailboat; boat; resort; sea; vehicle; yacht -->
		<annotation cp='[⛵]' tts='voilier'>bateau</annotation>

		<!-- rowboat; boat; vehicle -->
		<annotation cp='[🚣]' tts='barque'>bateau</annotation>

		<!-- speedboat; boat; vehicle -->
		<annotation cp='[🚤]' tts='hors-bord'>bateau</annotation>

		<!-- passenger ship; passenger; ship; vehicle -->
		<annotation cp='[🛳]' tts='paquebot'>bateau</annotation>

		<!-- ferry; boat -->
		<annotation cp='[⛴]' tts='ferry'>bateau</annotation>

		<!-- motor boat; boat; motorboat; vehicle -->
		<annotation cp='[🛥]' tts='bateau à moteur'>bateau</annotation>

		<!-- ship; vehicle -->
		<annotation cp='[🚢]' tts='navire'>bateau</annotation>

		<!-- small airplane; airplane; vehicle -->
		<annotation cp='[🛩]' tts='petit avion'>avion</annotation>

		<!-- airplane departure; airplane; check-in; departure; departures; vehicle -->
		<annotation cp='[🛫]' tts='avion décollage'>avion</annotation>

		<!-- airplane arrival; airplane; arrivals; arriving; landing; vehicle -->
		<annotation cp='[🛬]' tts='avion atterrissage'>avion</annotation>

		<!-- suspension railway; railway; suspension; vehicle -->
		<annotation cp='[🚟]' tts='train suspendu'>train</annotation>

		<!-- aerial tramway; aerial; cable; car; gondola; ropeway; tramway; vehicle -->
		<annotation cp='[🚡]' tts='tramway aérien'>tramway</annotation>

		<!-- rocket; space; vehicle -->
		<annotation cp='[🚀]' tts='fusée'>espace</annotation>

		<!-- satellite; space; vehicle -->
		<annotation cp='[🛰]' tts='satellite'>espace</annotation>

		<!-- bellhop bell; bell; bellhop; hotel -->
		<annotation cp='[🛎]' tts='cloche de comptoir'>cloche; hôtel</annotation>

		<!-- person in bed; hotel; sleep -->
		<annotation cp='[🛌]' tts='personne au lit'>lit</annotation>

		<!-- couch and lamp; couch; hotel; lamp -->
		<annotation cp='[🛋]' tts='canapé lampe'>canapé</annotation>

		<!-- person taking bath; bathtub; bath -->
		<annotation cp='[🛀]' tts='personne au bain'>bain</annotation>

		<!-- bathtub; bath -->
		<annotation cp='[🛁]' tts='baignoire'>bain</annotation>

		<!-- hourglass with flowing sand; hourglass; sand; timer -->
		<annotation cp='[⏳]' tts='sablier avec sable qui coule'>sablier</annotation>

		<!-- mantelpiece clock; clock -->
		<annotation cp='[🕰]' tts='horloge posée'>horloge</annotation>

		<!-- twelve o’clock; 00; 12; 12:00; clock; o’clock; twelve -->
		<annotation cp='[🕛]' tts='midi/minuit'>12 h; 0 h</annotation>

		<!-- twelve-thirty; 12; 12:30; 30; clock; thirty; twelve -->
		<annotation cp='[🕧]' tts='midi/minuit et demie'>12 h 30; 00 h 30</annotation>

		<!-- one o’clock; 00; 1; 1:00; clock; o’clock; one -->
		<annotation cp='[🕐]' tts='une heure'>1 h; 13 h</annotation>

		<!-- one-thirty; 1; 1:30; 30; clock; one; thirty -->
		<annotation cp='[🕜]' tts='une heure et demie'>1 h 30; 13 h 30</annotation>

		<!-- two o’clock; 00; 2; 2:00; clock; o’clock; two -->
		<annotation cp='[🕑]' tts='deux heures'>2 h; 14 h</annotation>

		<!-- two-thirty; 2; 2:30; 30; clock; thirty; two -->
		<annotation cp='[🕝]' tts='deux heures et demie'>2 h 30; 14 h 30</annotation>

		<!-- three o’clock; 00; 3; 3:00; clock; o’clock; three -->
		<annotation cp='[🕒]' tts='trois heures'>3 h; 15 h</annotation>

		<!-- three-thirty; 3; 3:30; 30; clock; thirty; three -->
		<annotation cp='[🕞]' tts='trois heures et demie'>3 h 30; 15 h 30</annotation>

		<!-- four o’clock; 00; 4; 4:00; clock; four; o’clock -->
		<annotation cp='[🕓]' tts='quatre heures'>4 h; 16 h</annotation>

		<!-- four-thirty; 30; 4; 4:30; clock; four; thirty -->
		<annotation cp='[🕟]' tts='quatre heures et demie'>4 h 30; 16 h 30</annotation>

		<!-- five o’clock; 00; 5; 5:00; clock; five; o’clock -->
		<annotation cp='[🕔]' tts='cinq heures'>5 h; 17 h</annotation>

		<!-- five-thirty; 30; 5; 5:30; clock; five; thirty -->
		<annotation cp='[🕠]' tts='cinq heures et demie'>5 h 30; 17 h 30</annotation>

		<!-- six o’clock; 00; 6; 6:00; clock; o’clock; six -->
		<annotation cp='[🕕]' tts='six heures'>6 h; 18 h</annotation>

		<!-- six-thirty; 30; 6; 6:30; clock; six; thirty -->
		<annotation cp='[🕡]' tts='six heures et demie'>6 h 30; 18 h 30</annotation>

		<!-- seven o’clock; 00; 7; 7:00; clock; o’clock; seven -->
		<annotation cp='[🕖]' tts='sept heures'>7 h; 19 h</annotation>

		<!-- seven-thirty; 30; 7; 7:30; clock; seven; thirty -->
		<annotation cp='[🕢]' tts='sept heures et demie'>7 h 30; 19 h 30</annotation>

		<!-- eight o’clock; 00; 8; 8:00; clock; eight; o’clock -->
		<annotation cp='[🕗]' tts='huit heures'>8 h; 20 h</annotation>

		<!-- eight-thirty; 30; 8; 8:30; clock; eight; thirty -->
		<annotation cp='[🕣]' tts='huit heures et demie'>8 h 30; 20 h 30</annotation>

		<!-- nine o’clock; 00; 9; 9:00; clock; nine; o’clock -->
		<annotation cp='[🕘]' tts='neuf heures'>9 h; 21 h</annotation>

		<!-- nine-thirty; 30; 9; 9:30; clock; nine; thirty -->
		<annotation cp='[🕤]' tts='neuf heures et demie'>9 h 30; 21 h 30</annotation>

		<!-- ten o’clock; 00; 10; 10:00; clock; o’clock; ten -->
		<annotation cp='[🕙]' tts='dix heures'>10 h; 22 h</annotation>

		<!-- ten-thirty; 10; 10:30; 30; clock; ten; thirty -->
		<annotation cp='[🕥]' tts='dix heures et demie'>10 h 30; 22 h 30</annotation>

		<!-- eleven o’clock; 00; 11; 11:00; clock; eleven; o’clock -->
		<annotation cp='[🕚]' tts='onze heures'>11 h; 23 h</annotation>

		<!-- eleven-thirty; 11; 11:30; 30; clock; eleven; thirty -->
		<annotation cp='[🕦]' tts='onze heures et demie'>11 h 30; 23 h 30</annotation>

		<!-- new moon; dark; moon; space; weather -->
		<annotation cp='[🌑]' tts='nouvelle lune'>lune</annotation>

		<!-- waxing crescent moon; crescent; moon; space; waxing; weather -->
		<annotation cp='[🌒]' tts='lune croissante'>lune</annotation>

		<!-- first quarter moon; moon; quarter; space; weather -->
		<annotation cp='[🌓]' tts='premier quartier'>lune</annotation>

		<!-- waxing gibbous moon; gibbous; moon; space; waxing; weather -->
		<annotation cp='[🌔]' tts='lune gibbeuse croissante'>lune</annotation>

		<!-- full moon; full; moon; space; weather -->
		<annotation cp='[🌕]' tts='pleine lune'>lune</annotation>

		<!-- waning gibbous moon; gibbous; moon; space; waning; weather -->
		<annotation cp='[🌖]' tts='lune gibbeuse décroissante'>lune</annotation>

		<!-- last quarter moon; moon; quarter; space; weather -->
		<annotation cp='[🌗]' tts='dernier quartier'>lune</annotation>

		<!-- waning crescent moon; crescent; moon; space; waning; weather -->
		<annotation cp='[🌘]' tts='lune décroissante'>lune</annotation>

		<!-- crescent moon; crescent; moon; space; weather -->
		<annotation cp='[🌙]' tts='croissant de lune'>lune</annotation>

		<!-- new moon face; face; moon; space; weather -->
		<annotation cp='[🌚]' tts='nouvelle lune visage'>lune</annotation>

		<!-- first quarter moon with face; face; moon; quarter; space; weather -->
		<annotation cp='[🌛]' tts='premier quartier de lune'>lune</annotation>

		<!-- last quarter moon with face; face; moon; quarter; space; weather -->
		<annotation cp='[🌜]' tts='dernier quartier de lune'>lune</annotation>

		<!-- full moon with face; bright; face; full; moon; space; weather -->
		<annotation cp='[🌝]' tts='lune à visage'>lune</annotation>

		<!-- sun with face; bright; face; space; sun; weather -->
		<annotation cp='[🌞]' tts='soleil à visage'>soleil</annotation>

		<!-- glowing star; glittery; glow; shining; sparkle; star -->
		<annotation cp='[🌟]' tts='étoile brillante'>étoile</annotation>

		<!-- shooting star; falling; shooting; space; star -->
		<annotation cp='[🌠]' tts='étoile filante'>étoile</annotation>

		<!-- sun behind cloud; cloud; sun; weather -->
		<annotation cp='[⛅]' tts='soleil derrière nuages'>nuageux; soleil</annotation>

		<!-- cloud with lightning and rain; cloud; rain; thunder; weather -->
		<annotation cp='[⛈]' tts='nuage éclair pluie'>nuage</annotation>

		<!-- sun behind small cloud; cloud; sun; weather -->
		<annotation cp='[🌤]' tts='soleil petit nuage'>nuage</annotation>

		<!-- sun behind large cloud; cloud; sun; weather -->
		<annotation cp='[🌥]' tts='soleil gros nuage'>nuage</annotation>

		<!-- sun behind cloud with rain; cloud; rain; sun; weather -->
		<annotation cp='[🌦]' tts='soleil nuage pluie'>nuage</annotation>

		<!-- cloud with rain; cloud; rain; weather -->
		<annotation cp='[🌧]' tts='nuage pluie'>nuage</annotation>

		<!-- cloud with snow; cloud; cold; snow; weather -->
		<annotation cp='[🌨]' tts='nuage neige'>nuage</annotation>

		<!-- cloud with lightning; cloud; lightning; weather -->
		<annotation cp='[🌩]' tts='nuage éclair'>nuage</annotation>

		<!-- cyclone; dizzy; twister; typhoon; weather -->
		<annotation cp='[🌀]' tts='spirale'>tourbillon</annotation>

		<!-- closed umbrella; clothing; rain; umbrella; weather -->
		<annotation cp='[🌂]' tts='parapluie fermé'>parapluie</annotation>

		<!-- umbrella; clothing; rain; weather -->
		<annotation cp='[☂]' tts='parapluie ouvert'>parapluie</annotation>

		<!-- umbrella with rain drops; clothing; drop; rain; umbrella; weather -->
		<annotation cp='[☔]' tts='parapluie gouttes'>parapluie</annotation>

		<!-- high voltage; danger; electric; electricity; lightning; voltage; zap -->
		<annotation cp='[⚡]' tts='symbole Haute tension'>haute tension; danger</annotation>

		<!-- snowflake; cold; snow; weather -->
		<annotation cp='[❄]' tts='flocon'>neige</annotation>

		<!-- snowman; cold; snow; weather -->
		<annotation cp='[☃]' tts='bonhomme de neige flocons'>neige</annotation>

		<!-- snowman without snow; cold; snow; snowman; weather -->
		<annotation cp='[⛄]' tts='bonhomme de neige'>neige</annotation>

		<!-- comet; space -->
		<annotation cp='[☄]' tts='comète'>espace</annotation>

		<!-- fire; flame; tool -->
		<annotation cp='[🔥]' tts='feu'>flamme</annotation>

		<!-- droplet; cold; comic; drop; sweat; weather -->
		<annotation cp='[💧]' tts='sueurs froides'>sueur</annotation>

		<!-- water wave; ocean; water; wave; weather -->
		<annotation cp='[🌊]' tts='vague'>océan; mer</annotation>

		<!-- jack-o-lantern; celebration; halloween; jack; lantern -->
		<annotation cp='[🎃]' tts='citrouille'>halloween</annotation>

		<!-- christmas tree; celebration; christmas; tree -->
		<annotation cp='[🎄]' tts='sapin de noël'>noël</annotation>

		<!-- fireworks; celebration -->
		<annotation cp='[🎆]' tts='feu d&apos;artifice'>artifice</annotation>

		<!-- sparkler; celebration; fireworks; sparkle -->
		<annotation cp='[🎇]' tts='étincelles'>artifice</annotation>

		<!-- sparkles; sparkle; star -->
		<annotation cp='[✨]' tts='étoiles'>étoile</annotation>

		<!-- party popper; celebration; party; popper; tada -->
		<annotation cp='[🎉]' tts='cotillons'>fête</annotation>

		<!-- confetti ball; ball; celebration; confetti -->
		<annotation cp='[🎊]' tts='confettis'>fête</annotation>

		<!-- tanabata tree; banner; celebration; japanese; tree -->
		<annotation cp='[🎋]' tts='arbre à vœux'>arbre; vœux</annotation>

		<!-- crossed flags; celebration; cross; crossed; japanese -->
		<annotation cp='[🎌]' tts='drapeaux japonais'>drapeaux</annotation>

		<!-- japanese dolls; celebration; doll; festival; japanese -->
		<annotation cp='[🎎]' tts='poupées japonaises'>poupées</annotation>

		<!-- moon ceremony; celebration; ceremony; moon -->
		<annotation cp='[🎑]' tts='cérémonie de la lune'>cérémonie; lune</annotation>

		<!-- wrapped present; box; celebration; gift; present; wrapped -->
		<annotation cp='[🎁]' tts='cadeau'>anniversaire</annotation>

		<!-- military medal; celebration; medal; military -->
		<annotation cp='[🎖]' tts='médaille militaire'>médaille</annotation>

		<!-- reminder ribbon; celebration; reminder; ribbon -->
		<annotation cp='[🎗]' tts='ruban de mémoire'>ruban</annotation>

		<!-- admission tickets; admission; ticket -->
		<annotation cp='[🎟]' tts='billet d&apos;entrée'>spectacle</annotation>

		<!-- ticket; admission -->
		<annotation cp='[🎫]' tts='billet'>spectacle</annotation>

		<!-- soccer ball; ball; soccer -->
		<annotation cp='[⚽]' tts='ballon de football'>football</annotation>

		<!-- baseball; ball -->
		<annotation cp='[⚾]' tts='balle de baseball'>baseball</annotation>

		<!-- basketball; ball; hoop -->
		<annotation cp='[🏀]' tts='basket'>sport</annotation>

		<!-- american football; american; ball; football -->
		<annotation cp='[🏈]' tts='football américain'>sport</annotation>

		<!-- rugby football; ball; football; rugby -->
		<annotation cp='[🏉]' tts='rugby'>sport</annotation>

		<!-- tennis; ball; racquet -->
		<annotation cp='[🎾]' tts='balle de tennis'>tennis; sport</annotation>

		<!-- billiards; 8; 8 ball; ball; billiard; eight; game -->
		<annotation cp='[🎱]' tts='billard'>jeu</annotation>

		<!-- bowling; ball; game -->
		<annotation cp='[🎳]' tts='bowling'>jeu</annotation>

		<!-- ice skate; ice; skate -->
		<annotation cp='[⛸]' tts='patin à glace'>patin; glace</annotation>

		<!-- fishing pole; fish; pole -->
		<annotation cp='[🎣]' tts='pêche à la ligne'>pêche</annotation>

		<!-- running shirt; running; sash; shirt -->
		<annotation cp='[🎽]' tts='tee-shirt de course'>sport</annotation>

		<!-- skis; ski; snow -->
		<annotation cp='[🎿]' tts='ski'>sport</annotation>

		<!-- skier; ski; snow -->
		<annotation cp='[⛷]' tts='skieur'>sport</annotation>

		<!-- snowboarder; ski; snow; snowboard -->
		<annotation cp='[🏂]' tts='snowboard'>sport</annotation>

		<!-- surfer; surfing -->
		<annotation cp='[🏄]' tts='surf'>sport</annotation>

		<!-- horse racing; horse; jockey; racehorse; racing -->
		<annotation cp='[🏇]' tts='course hippique'>sport</annotation>

		<!-- swimmer; swim -->
		<annotation cp='[🏊]' tts='nage'>sport</annotation>

		<!-- person with ball; ball -->
		<annotation cp='[⛹]' tts='basketteur'>sport</annotation>

		<!-- weight lifter; lifter; weight -->
		<annotation cp='[🏋]' tts='haltérophile'>sport</annotation>

		<!-- bicyclist; bicycle; bike; cyclist -->
		<annotation cp='[🚴]' tts='cycliste'>vélo</annotation>

		<!-- mountain biker; bicycle; bicyclist; bike; cyclist; mountain -->
		<annotation cp='[🚵]' tts='VTTiste'>vélo; montagne</annotation>

		<!-- racing car; car; racing -->
		<annotation cp='[🏎]' tts='voiture de course'>voiture; course</annotation>

		<!-- sports medal; medal -->
		<annotation cp='[🏅]' tts='médaille sportive'>médaille</annotation>

		<!-- trophy; prize -->
		<annotation cp='[🏆]' tts='trophée'>prix</annotation>

		<!-- field hockey; ball; field; game; hockey; stick -->
		<annotation cp='[🏑]' tts='hockey sur gazon'>hockey</annotation>

		<!-- ice hockey stick and puck; game; hockey; ice; puck; stick -->
		<annotation cp='[🏒]' tts='hockey sur glace'>hockey</annotation>

		<!-- direct hit; bull; bullseye; dart; eye; game; hit; target -->
		<annotation cp='[🎯]' tts='dans le mille'>cible</annotation>

		<!-- video game; controller; game -->
		<annotation cp='[🎮]' tts='jeu vidéo'>manette</annotation>

		<!-- game die; dice; die; game -->
		<annotation cp='[🎲]' tts='dés'>jeu</annotation>

		<!-- heart suit; card; game; heart; hearts; suit -->
		<annotation cp='[♥]' tts='cœur cartes'>cœur</annotation>

		<!-- club suit; card; club; clubs; game; suit -->
		<annotation cp='[♣]' tts='trèfle cartes'>trèfle</annotation>

		<!-- joker; card; game; playing -->
		<annotation cp='[🃏]' tts='carte Joker'>Joker</annotation>

		<!-- flower playing cards; card; flower; game; japanese; playing -->
		<annotation cp='[🎴]' tts='carte à jouer'>carte; jeu</annotation>

		<!-- speaker off; mute; quiet; silent; speaker; volume -->
		<annotation cp='[🔇]' tts='muet'>son</annotation>

		<!-- speaker; volume -->
		<annotation cp='[🔈]' tts='haut-parleur d&apos;enceinte'>son</annotation>

		<!-- speaker on; low; speaker; volume; wave -->
		<annotation cp='[🔉]' tts='volume bas'>son</annotation>

		<!-- speaker loud; 3; high; loud; speaker; three; volume -->
		<annotation cp='[🔊]' tts='volume élevé'>son</annotation>

		<!-- loudspeaker; loud; public address -->
		<annotation cp='[📢]' tts='haut-parleur'>son</annotation>

		<!-- postal horn; horn; post; postal -->
		<annotation cp='[📯]' tts='cor de facteur'>facteur</annotation>

		<!-- bell with slash; bell; forbidden; mute; no; not; prohibited; quiet; silent -->
		<annotation cp='[🔕]' tts='alarme désactivée'>cloche; barrée</annotation>

		<!-- musical score; music; score -->
		<annotation cp='[🎼]' tts='partition'>musique</annotation>

		<!-- musical note; music; note -->
		<annotation cp='[🎵]' tts='note de musique'>musique; note</annotation>

		<!-- musical notes; music; note; notes -->
		<annotation cp='[🎶]' tts='notes de musique'>musique; note; notes</annotation>

		<!-- studio microphone; mic; microphone; music; studio -->
		<annotation cp='[🎙]' tts='micro de studio'>micro</annotation>

		<!-- control knobs; control; knobs; music -->
		<annotation cp='[🎛]' tts='boutons de contrôle'>boutons</annotation>

		<!-- saxophone; instrument; music; sax -->
		<annotation cp='[🎷]' tts='saxophone'>instrument; musique</annotation>

		<!-- guitar; instrument; music -->
		<annotation cp='[🎸]' tts='guitare'>instrument; musique</annotation>

		<!-- musical keyboard; instrument; keyboard; music; piano -->
		<annotation cp='[🎹]' tts='piano'>clavier; instrument; musique</annotation>

		<!-- trumpet; instrument; music -->
		<annotation cp='[🎺]' tts='trompette'>instrument; musique</annotation>

		<!-- violin; instrument; music -->
		<annotation cp='[🎻]' tts='violon'>instrument; musique</annotation>

		<!-- mobile phone; cell; mobile; phone; telephone -->
		<annotation cp='[📱]' tts='téléphone portable'>téléphone</annotation>

		<!-- mobile phone with arrow; arrow; call; cell; mobile; phone; receive; telephone -->
		<annotation cp='[📲]' tts='appel entrant'>appel</annotation>

		<!-- telephone receiver; phone; receiver; telephone -->
		<annotation cp='[📞]' tts='combiné téléphonique'>téléphone</annotation>

		<!-- electric plug; electric; electricity; plug -->
		<annotation cp='[🔌]' tts='branché'>prise</annotation>

		<!-- laptop computer; computer; pc; personal -->
		<annotation cp='[💻]' tts='ordinateur portable'>ordinateur</annotation>

		<!-- desktop computer; computer; desktop -->
		<annotation cp='[🖥]' tts='ordinateur de bureau'>ordinateur</annotation>

		<!-- computer mouse; 3; button; computer; mouse; three -->
		<annotation cp='[🖱]' tts='souris d&apos;ordinateur'>souris</annotation>

		<!-- minidisc; computer; disk; minidisk; optical -->
		<annotation cp='[💽]' tts='minidisc'>disque</annotation>

		<!-- optical disc; dvd; blu-ray; cd; computer; disk; optical -->
		<annotation cp='[💿]' tts='CD'>disque</annotation>

		<!-- dvd; blu-ray; cd; computer; disk; optical -->
		<annotation cp='[📀]' tts='DVD'>disque</annotation>

		<!-- clapper board; clapper; movie -->
		<annotation cp='[🎬]' tts='clap'>film</annotation>

		<!-- film projector; cinema; film; movie; projector; video -->
		<annotation cp='[📽]' tts='projecteur cinématographique'>projecteur</annotation>

		<!-- television; tv; video -->
		<annotation cp='[📺]' tts='télévision'>TV</annotation>

		<!-- camera with flash; camera; flash; video -->
		<annotation cp='[📸]' tts='appareil photo flash'>appareil photo</annotation>

		<!-- video camera; camera; video -->
		<annotation cp='[📹]' tts='caméscope'>caméra</annotation>

		<!-- videocassette; tape; vhs; video -->
		<annotation cp='[📼]' tts='cassette vidéo'>vhs</annotation>

		<!-- left-pointing magnifying glass; glass; magnifying; search; tool -->
		<annotation cp='[🔍]' tts='loupe gauche'>loupe</annotation>

		<!-- right-pointing magnifying glass; glass; magnifying; search; tool -->
		<annotation cp='[🔎]' tts='loupe droite'>loupe</annotation>

		<!-- microscope; tool -->
		<annotation cp='[🔬]' tts='microscope'>outil</annotation>

		<!-- telescope; tool -->
		<annotation cp='[🔭]' tts='télescope'>outil</annotation>

		<!-- satellite antenna; antenna; dish; satellite -->
		<annotation cp='[📡]' tts='antenne satellite'>antenne</annotation>

		<!-- flashlight; electric; light; tool; torch -->
		<annotation cp='[🔦]' tts='torche'>lumière</annotation>

		<!-- notebook with decorative cover; book; cover; decorated; notebook -->
		<annotation cp='[📔]' tts='carnet avec couverture'>carnet</annotation>

		<!-- closed book; book; closed -->
		<annotation cp='[📕]' tts='livre fermé'>livre</annotation>

		<!-- open book; book; open -->
		<annotation cp='[📖]' tts='livre ouvert'>livre</annotation>

		<!-- green book; book; green -->
		<annotation cp='[📗]' tts='livre vert'>livre</annotation>

		<!-- blue book; blue; book -->
		<annotation cp='[📘]' tts='livre bleu'>livre</annotation>

		<!-- orange book; book; orange -->
		<annotation cp='[📙]' tts='livre orange'>livre</annotation>

		<!-- books; book -->
		<annotation cp='[📚]' tts='livres'>livre</annotation>

		<!-- page with curl; curl; document; page -->
		<annotation cp='[📃]' tts='page enroulée'>page</annotation>

		<!-- scroll; paper -->
		<annotation cp='[📜]' tts='parchemin'>papier</annotation>

		<!-- rolled-up newspaper; news; newspaper; paper; rolled -->
		<annotation cp='[🗞]' tts='journal roulé'>journal</annotation>

		<!-- yen banknote; bank; banknote; bill; currency; money; note; yen -->
		<annotation cp='[💴]' tts='billet en yens'>billet</annotation>

		<!-- dollar banknote; bank; banknote; bill; currency; dollar; money; note -->
		<annotation cp='[💵]' tts='billet en dollars'>billet</annotation>

		<!-- euro banknote; bank; banknote; bill; currency; euro; money; note -->
		<annotation cp='[💶]' tts='billet en euros'>billet</annotation>

		<!-- pound banknote; bank; banknote; bill; currency; money; note; pound -->
		<annotation cp='[💷]' tts='billet en livres'>billet</annotation>

		<!-- money with wings; bank; banknote; bill; dollar; fly; money; note; wings -->
		<annotation cp='[💸]' tts='billet avec des ailes'>billet</annotation>

		<!-- credit card; bank; card; credit; money -->
		<annotation cp='[💳]' tts='carte bancaire'>carte; bancaire</annotation>

		<!-- e-mail; email; letter; mail -->
		<annotation cp='[📧]' tts='e-mail'>message</annotation>

		<!-- incoming envelope; e-mail; email; envelope; incoming; letter; mail; receive -->
		<annotation cp='[📨]' tts='message reçu'>message</annotation>

		<!-- envelope with arrow; arrow; down; e-mail; email; envelope; letter; mail; outgoing; sent -->
		<annotation cp='[📩]' tts='message envoyé'>message</annotation>

		<!-- outbox tray; box; letter; mail; outbox; sent; tray -->
		<annotation cp='[📤]' tts='boîte d&apos;envoi'>message</annotation>

		<!-- inbox tray; box; inbox; letter; mail; receive; tray -->
		<annotation cp='[📥]' tts='boîte de réception'>message</annotation>

		<!-- package; box; parcel -->
		<annotation cp='[📦]' tts='colis'>paquet</annotation>

		<!-- closed mailbox with raised flag; closed; mail; mailbox; postbox -->
		<annotation cp='[📫]' tts='boîte aux lettres fermée drapeau levé'>courrier</annotation>

		<!-- closed mailbox with lowered flag; closed; lowered; mail; mailbox; postbox -->
		<annotation cp='[📪]' tts='boîte aux lettres fermée drapeau baissé'>courrier</annotation>

		<!-- open mailbox with raised flag; mail; mailbox; open; postbox -->
		<annotation cp='[📬]' tts='boîte aux lettres ouverte drapeau levé'>courrier</annotation>

		<!-- open mailbox with lowered flag; lowered; mail; mailbox; open; postbox -->
		<annotation cp='[📭]' tts='boîte aux lettres ouverte drapeau baissé'>courrier</annotation>

		<!-- postbox; mail; mailbox -->
		<annotation cp='[📮]' tts='boîte aux lettres'>courrier</annotation>

		<!-- ballot box with ballot; ballot; box -->
		<annotation cp='[🗳]' tts='urne électorale'>urne</annotation>

		<!-- black nib; nib; pen -->
		<annotation cp='[✒]' tts='stylo plume noir'>stylo</annotation>

		<!-- fountain pen; fountain; pen -->
		<annotation cp='[🖋]' tts='stylo plume'>stylo</annotation>

		<!-- open file folder; file; folder; open -->
		<annotation cp='[📂]' tts='ouvrir le dossier'>dossier</annotation>

		<!-- calendar; date -->
		<annotation cp='[📅]' tts='calendrier'>date</annotation>

		<!-- tear-off calendar; calendar -->
		<annotation cp='[📆]' tts='éphéméride'>date</annotation>

		<!-- spiral notepad; note; pad; spiral -->
		<annotation cp='[🗒]' tts='bloc-notes à spirales'>notes</annotation>

		<!-- spiral calendar; calendar; pad; spiral -->
		<annotation cp='[🗓]' tts='calendrier à spirales'>calendrier</annotation>

		<!-- chart increasing; chart; graph; growth; trend; upward -->
		<annotation cp='[📈]' tts='graphique en hausse'>graphique</annotation>

		<!-- chart decreasing; chart; down; graph; trend -->
		<annotation cp='[📉]' tts='graphique en baisse'>graphique</annotation>

		<!-- bar chart; bar; chart; graph -->
		<annotation cp='[📊]' tts='graphiques à barres'>graphique</annotation>

		<!-- clipboard -->
		<annotation cp='[📋]' tts='porte-bloc'>fournitures</annotation>

		<!-- pushpin; pin -->
		<annotation cp='[📌]' tts='punaise'>fournitures</annotation>

		<!-- round pushpin; pin; pushpin -->
		<annotation cp='[📍]' tts='épingle'>fournitures</annotation>

		<!-- paperclip -->
		<annotation cp='[📎]' tts='trombone'>fournitures</annotation>

		<!-- linked paperclips; link; paperclip -->
		<annotation cp='[🖇]' tts='trombones'>fournitures</annotation>

		<!-- straight ruler; ruler; straight edge -->
		<annotation cp='[📏]' tts='règle'>fournitures</annotation>

		<!-- triangular ruler; ruler; set; triangle -->
		<annotation cp='[📐]' tts='équerre'>fournitures</annotation>

		<!-- scissors; tool -->
		<annotation cp='[✂]' tts='ciseaux'>fournitures</annotation>

		<!-- card file box; box; card; file -->
		<annotation cp='[🗃]' tts='boîte à dossiers'>dossier</annotation>

		<!-- file cabinet; cabinet; file -->
		<annotation cp='[🗄]' tts='meuble à dossiers'>dossier</annotation>

		<!-- wastebasket -->
		<annotation cp='[🗑]' tts='corbeille à papiers'>corbeille</annotation>

		<!-- lock; closed -->
		<annotation cp='[🔒]' tts='cadenas fermé'>cadenas</annotation>

		<!-- open lock; lock; open; unlock -->
		<annotation cp='[🔓]' tts='cadenas ouvert'>cadenas</annotation>

		<!-- lock with pen; ink; lock; nib; pen; privacy -->
		<annotation cp='[🔏]' tts='confidentiel'>verrouillé</annotation>

		<!-- closed lock with key; closed; key; lock; secure -->
		<annotation cp='[🔐]' tts='verrouillé'>sécurisé</annotation>

		<!-- key; lock; password -->
		<annotation cp='[🔑]' tts='clé'>mot de passe</annotation>

		<!-- old key; clue; key; lock; old -->
		<annotation cp='[🗝]' tts='clé ancienne'>clé</annotation>

		<!-- hammer; tool -->
		<annotation cp='[🔨]' tts='marteau'>outil</annotation>

		<!-- hammer and pick; hammer; pick; tool -->
		<annotation cp='[⚒]' tts='marteau et burin'>marteau</annotation>

		<!-- hammer and wrench; hammer; tool; wrench -->
		<annotation cp='[🛠]' tts='marteau et clé à molette'>marteau</annotation>

		<!-- wrench; tool -->
		<annotation cp='[🔧]' tts='clé à molette'>outil</annotation>

		<!-- nut and bolt; bolt; nut; tool -->
		<annotation cp='[🔩]' tts='vis et écrou'>outil</annotation>

		<!-- gear; tool -->
		<annotation cp='[⚙]' tts='roue dentée'>outil</annotation>

		<!-- compression; tool; vice -->
		<annotation cp='[🗜]' tts='serre-joints'>outil</annotation>

		<!-- alembic; chemistry; tool -->
		<annotation cp='[⚗]' tts='alambic'>outil</annotation>

		<!-- balance scale; balance; justice; libra; scales; tool; weight; zodiac -->
		<annotation cp='[⚖]' tts='balance à poids'>balance</annotation>

		<!-- bow and arrow; archer; arrow; bow; sagittarius; tool; weapon; zodiac -->
		<annotation cp='[🏹]' tts='arc et flèche'>arc</annotation>

		<!-- chequered flag; checkered; chequered; racing -->
		<annotation cp='[🏁]' tts='drapeau à damiers'>drapeau</annotation>

		<!-- waving white flag; waving -->
		<annotation cp='[🏳]' tts='drapeau blanc'>drapeau</annotation>

		<!-- waving black flag; waving -->
		<annotation cp='[🏴]' tts='drapeau noir'>drapeau</annotation>

		<!-- triangular flag; post -->
		<annotation cp='[🚩]' tts='drapeau rouge'>drapeau</annotation>

		<!-- smoking -->
		<annotation cp='[🚬]' tts='signe Fumeur'>fumeur</annotation>

		<!-- funeral urn; death; funeral; urn -->
		<annotation cp='[⚱]' tts='urne funéraire'>urne</annotation>

		<!-- moai; face; moyai; statue -->
		<annotation cp='[🗿]' tts='moai'>statue</annotation>

		<!-- oil drum; drum; oil -->
		<annotation cp='[🛢]' tts='baril de pétrole'>pétrole</annotation>

		<!-- crystal ball; ball; crystal; fairy tale; fantasy; fortune; tool -->
		<annotation cp='[🔮]' tts='boule de cristal'>cristal</annotation>

		<!-- ATM sign; atm; automated; bank; teller -->
		<annotation cp='[🏧]' tts='guichet automatique'>dab; argent</annotation>

		<!-- litter in bin sign; litter; litterbox -->
		<annotation cp='[🚮]' tts='icône Poubelle'>poubelle</annotation>

		<!-- potable water; drink; potable; water -->
		<annotation cp='[🚰]' tts='eau potable'>eau</annotation>

		<!-- wheelchair; access -->
		<annotation cp='[♿]' tts='symbole Accès handicapés'>accès handicapés</annotation>

		<!-- men’s room; lavatory; man; restroom; wc -->
		<annotation cp='[🚹]' tts='symbole Homme'>homme</annotation>

		<!-- women’s room; lavatory; restroom; wc; woman -->
		<annotation cp='[🚺]' tts='symbole Femme'>femme</annotation>

		<!-- restroom; lavatory; wc -->
		<annotation cp='[🚻]' tts='panneau Toilettes'>toilettes</annotation>

		<!-- baby symbol; baby; changing -->
		<annotation cp='[🚼]' tts='symbole Bébé'>bébé; espace de change</annotation>

		<!-- water closet; closet; lavatory; restroom; water; wc -->
		<annotation cp='[🚾]' tts='WC'>toilettes</annotation>

		<!-- passport control; control; passport -->
		<annotation cp='[🛂]' tts='contrôle des passeports'>passeport</annotation>

		<!-- baggage claim; baggage; claim -->
		<annotation cp='[🛄]' tts='retrait des bagages'>bagages</annotation>

		<!-- left luggage; baggage; locker; luggage -->
		<annotation cp='[🛅]' tts='consigne'>bagages</annotation>

		<!-- warning -->
		<annotation cp='[⚠]' tts='symbole d&apos;avertissement'>avertissement</annotation>

		<!-- children crossing; child; crossing; pedestrian; traffic -->
		<annotation cp='[🚸]' tts='traversée d&apos;enfants'>enfants; école</annotation>

		<!-- no entry; entry; forbidden; no; not; prohibited; traffic -->
		<annotation cp='[⛔]' tts='sens interdit'>interdit</annotation>

		<!-- prohibited; entry; forbidden; no; not -->
		<annotation cp='[🚫]' tts='entrée interdite'>interdit</annotation>

		<!-- no bicycles; bicycle; bike; forbidden; no; not; prohibited; vehicle -->
		<annotation cp='[🚳]' tts='vélo interdit'>vélo</annotation>

		<!-- no smoking; forbidden; no; not; prohibited; smoking -->
		<annotation cp='[🚭]' tts='interdiction de fumer'>interdiction; fumer</annotation>

		<!-- no littering; forbidden; litter; no; not; prohibited -->
		<annotation cp='[🚯]' tts='dépôt d&apos;ordures interdit'>déchets</annotation>

		<!-- non-potable water; drink; forbidden; no; not; potable; prohibited; water -->
		<annotation cp='[🚱]' tts='eau non potable'>eau</annotation>

		<!-- no pedestrians; forbidden; no; not; pedestrian; prohibited -->
		<annotation cp='[🚷]' tts='interdit aux piétons'>interdiction</annotation>

		<!-- biohazard -->
		<annotation cp='[☣]' tts='danger biologique'>danger</annotation>

		<!-- up arrow; arrow; cardinal; direction; north -->
		<annotation cp='[⬆]' tts='flèche haut'>flèche</annotation>

		<!-- up-right arrow; arrow; direction; intercardinal; northeast -->
		<annotation cp='[↗]' tts='flèche haut droite'>flèche</annotation>

		<!-- right arrow; arrow; cardinal; direction; east -->
		<annotation cp='[➡]' tts='flèche droite'>flèche</annotation>

		<!-- down-right arrow; arrow; direction; intercardinal; southeast -->
		<annotation cp='[↘]' tts='flèche bas droite'>flèche</annotation>

		<!-- down arrow; arrow; cardinal; direction; down; south -->
		<annotation cp='[⬇]' tts='flèche bas'>flèche</annotation>

		<!-- down-left arrow; arrow; direction; intercardinal; southwest -->
		<annotation cp='[↙]' tts='flèche bas gauche'>flèche</annotation>

		<!-- left arrow; arrow; cardinal; direction; west -->
		<annotation cp='[⬅]' tts='flèche gauche'>flèche</annotation>

		<!-- up-left arrow; arrow; direction; intercardinal; northwest -->
		<annotation cp='[↖]' tts='flèche haut gauche'>flèche</annotation>

		<!-- up-down arrow; arrow -->
		<annotation cp='[↕]' tts='flèche haut bas'>flèche</annotation>

		<!-- left-right arrow; arrow -->
		<annotation cp='[↔]' tts='flèche gauche droite'>flèche</annotation>

		<!-- right arrow curving left; arrow -->
		<annotation cp='[↩]' tts='flèche courbe gauche'>flèche</annotation>

		<!-- left arrow curving right; arrow -->
		<annotation cp='[↪]' tts='flèche courbe droite'>flèche</annotation>

		<!-- right arrow curving up; arrow -->
		<annotation cp='[⤴]' tts='flèche courbe haut'>flèche</annotation>

		<!-- right arrow curving down; arrow; down -->
		<annotation cp='[⤵]' tts='flèche courbe bas'>flèche</annotation>

		<!-- clockwise vertical arrows; arrow; clockwise; reload -->
		<annotation cp='[🔃]' tts='sens des aiguilles d&apos;une montre'>symbole Recharger; flèche</annotation>

		<!-- anticlockwise arrows button; anticlockwise; arrow; counterclockwise; withershins -->
		<annotation cp='[🔄]' tts='sens contraire aux aiguilles d&apos;une montre'>sens horaire inverse; flèche</annotation>

		<!-- back arrow; arrow; back -->
		<annotation cp='[🔙]' tts='retour'>flèche</annotation>

		<!-- end arrow; arrow; end -->
		<annotation cp='[🔚]' tts='fin'>flèche</annotation>

		<!-- on! arrow; arrow; mark; on -->
		<annotation cp='[🔛]' tts='activé'>flèche</annotation>

		<!-- soon arrow; arrow; soon -->
		<annotation cp='[🔜]' tts='bientôt'>flèche</annotation>

		<!-- top arrow; arrow; top; up -->
		<annotation cp='[🔝]' tts='haut'>flèche</annotation>

		<!-- place of worship; religion; worship -->
		<annotation cp='[🛐]' tts='lieu de culte'>culte</annotation>

		<!-- star of david; david; jew; jewish; religion; star -->
		<annotation cp='[✡]' tts='étoile de david'>étoile</annotation>

		<!-- wheel of dharma; buddhist; dharma; religion; wheel -->
		<annotation cp='[☸]' tts='roue de dharma'>roue</annotation>

		<!-- latin cross; christian; cross; religion -->
		<annotation cp='[✝]' tts='croix latine'>croix</annotation>

		<!-- orthodox cross; christian; cross; religion -->
		<annotation cp='[☦]' tts='croix orthodoxe'>croix</annotation>

		<!-- star and crescent; islam; muslim; religion -->
		<annotation cp='[☪]' tts='lune et étoile'>lune; étoile</annotation>

		<!-- menorah; candelabrum; candlestick; religion -->
		<annotation cp='[🕎]' tts='chandelier à sept branches'>chandelier</annotation>

		<!-- dotted six-pointed star; fortune; star -->
		<annotation cp='[🔯]' tts='étoile à 6 branches'>étoile</annotation>

		<!-- recycling symbol; recycle -->
		<annotation cp='[♻]' tts='symbole Recyclage'>recyclage</annotation>

		<!-- japanese symbol for beginner; beginner; chevron; green; japanese; leaf; tool; yellow -->
		<annotation cp='[🔰]' tts='symbole japonais'>débutant</annotation>

		<!-- heavy large circle; circle; o -->
		<annotation cp='[⭕]' tts='gros cercle'>cercle</annotation>

		<!-- ballot box with check; ballot; box; check -->
		<annotation cp='[☑]' tts='case cochée'>coche</annotation>

		<!-- heavy check mark; check; mark -->
		<annotation cp='[✔]' tts='coche noire'>coche</annotation>

		<!-- cross mark button; mark; square -->
		<annotation cp='[❎]' tts='bouton croix'>croix</annotation>

		<!-- heavy plus sign; math; plus -->
		<annotation cp='[➕]' tts='signe Plus'>plus</annotation>

		<!-- heavy minus sign; math; minus -->
		<annotation cp='[➖]' tts='signe Moins'>moins</annotation>

		<!-- heavy division sign; division; math -->
		<annotation cp='[➗]' tts='signe Diviser'>division</annotation>

		<!-- double curly loop; curl; double; loop -->
		<annotation cp='[➿]' tts='double boucle'>boucle</annotation>

		<!-- eight-spoked asterisk; asterisk -->
		<annotation cp='[✳]' tts='astérique huit branches'>astérique</annotation>

		<!-- eight-pointed star; star -->
		<annotation cp='[✴]' tts='étoile huit branches'>étoile</annotation>

		<!-- currency exchange; bank; currency; exchange; money -->
		<annotation cp='[💱]' tts='devise'>argent</annotation>

		<!-- heavy dollar sign; currency; dollar; money -->
		<annotation cp='[💲]' tts='dollar'>argent</annotation>

		<!-- double exclamation mark; bangbang; exclamation; mark; punctuation -->
		<annotation cp='[‼]' tts='double point d&apos;exclamation'>exclamation</annotation>

		<!-- exclamation question mark; exclamation; interrobang; mark; punctuation; question -->
		<annotation cp='[⁉]' tts='point d&apos;exclamation et d&apos;interrogation'>exclamation; question</annotation>

		<!-- question mark; mark; punctuation; question -->
		<annotation cp='[❓]' tts='point d&apos;interrogation'>question</annotation>

		<!-- white question mark; mark; outlined; punctuation; question -->
		<annotation cp='[❔]' tts='point d&apos;interrogation blanc'>question</annotation>

		<!-- white exclamation mark; exclamation; mark; outlined; punctuation -->
		<annotation cp='[❕]' tts='point d&apos;exclamation blanc'>exclamation</annotation>

		<!-- exclamation mark; exclamation; mark; punctuation -->
		<annotation cp='[❗]' tts='point d&apos;exclamation'>exclamation</annotation>

		<!-- wavy dash; dash; punctuation; wavy -->
		<annotation cp='[〰]' tts='ligne ondulée'>vague</annotation>

		<!-- copyright -->
		<annotation cp='[©]' tts='symbole Copyright'>copyright</annotation>

		<!-- trade mark; mark; tm; trademark -->
		<annotation cp='[™]' tts='marque commerciale déposée'>marque déposée</annotation>

		<!-- aries; ram; zodiac -->
		<annotation cp='[♈]' tts='bélier zodiaque'>zodiaque</annotation>

		<!-- taurus; bull; ox; zodiac -->
		<annotation cp='[♉]' tts='taureau'>zodiaque</annotation>

		<!-- gemini; twins; zodiac -->
		<annotation cp='[♊]' tts='gémeaux'>zodiaque</annotation>

		<!-- cancer; crab; zodiac -->
		<annotation cp='[♋]' tts='cancer'>zodiaque</annotation>

		<!-- leo; lion; zodiac -->
		<annotation cp='[♌]' tts='lion'>zodiaque</annotation>

		<!-- virgo; maiden; virgin; zodiac -->
		<annotation cp='[♍]' tts='vierge'>zodiaque</annotation>

		<!-- libra; balance; justice; scales; zodiac -->
		<annotation cp='[♎]' tts='balance'>zodiaque</annotation>

		<!-- scorpius; scorpio; scorpion; zodiac -->
		<annotation cp='[♏]' tts='scorpion zodiaque'>zodiaque</annotation>

		<!-- sagittarius; archer; zodiac -->
		<annotation cp='[♐]' tts='sagittaire'>zodiaque</annotation>

		<!-- capricorn; goat; zodiac -->
		<annotation cp='[♑]' tts='capricorne'>zodiaque</annotation>

		<!-- aquarius; bearer; water; zodiac -->
		<annotation cp='[♒]' tts='verseau'>zodiaque</annotation>

		<!-- pisces; fish; zodiac -->
		<annotation cp='[♓]' tts='poissons'>zodiaque</annotation>

		<!-- ophiuchus; bearer; serpent; snake; zodiac -->
		<annotation cp='[⛎]' tts='serpentaire'>zodiaque</annotation>

		<!-- shuffle tracks button; arrow; crossed -->
		<annotation cp='[🔀]' tts='flèches croisées'>flèche</annotation>

		<!-- repeat button; arrow; clockwise; repeat -->
		<annotation cp='[🔁]' tts='flèches en cercle'>flèche</annotation>

		<!-- repeat single button; arrow; clockwise; once -->
		<annotation cp='[🔂]' tts='flèches en cercle avec n°1'>flèche</annotation>

		<!-- play button; arrow; play; right; triangle -->
		<annotation cp='[▶]' tts='bouton lecture'>lecture</annotation>

		<!-- fast-forword button; arrow; double; fast; forward -->
		<annotation cp='[⏩]' tts='flèche Avance rapide'>avance rapide; avance</annotation>

		<!-- next track button; arrow; next scene; next track; triangle -->
		<annotation cp='[⏭]' tts='bouton suivant'>suivant</annotation>

		<!-- play or pause button; arrow; pause; play; right; triangle -->
		<annotation cp='[⏯]' tts='bouton lecture/pause'>lecture; pause</annotation>

		<!-- reverse button; arrow; left; reverse; triangle -->
		<annotation cp='[◀]' tts='bouton retour'>retour</annotation>

		<!-- fast reverse button; arrow; double; rewind -->
		<annotation cp='[⏪]' tts='flèche Retour rapide'>retour rapide; retour</annotation>

		<!-- last track button; arrow; previous scene; previous track; triangle -->
		<annotation cp='[⏮]' tts='bouton précédent'>précédent</annotation>

		<!-- up button; arrow; button; red -->
		<annotation cp='[🔼]' tts='petit triangle haut'>flèche</annotation>

		<!-- fast up button; arrow; double -->
		<annotation cp='[⏫]' tts='flèche vers le haut'>haut</annotation>

		<!-- down button; arrow; button; down; red -->
		<annotation cp='[🔽]' tts='petit triangle bas'>flèche</annotation>

		<!-- fast down button; arrow; double; down -->
		<annotation cp='[⏬]' tts='flèche vers le bas'>bas</annotation>

		<!-- pause button; bar; double; pause; vertical -->
		<annotation cp='[⏸]' tts='bouton pause'>pause</annotation>

		<!-- stop button; square; stop -->
		<annotation cp='[⏹]' tts='bouton stop'>stop</annotation>

		<!-- record button; circle; record -->
		<annotation cp='[⏺]' tts='bouton enregistrer'>enregistrer</annotation>

		<!-- eject button; eject -->
		<annotation cp='[⏏]' tts='bouton éjecter'>éjecter</annotation>

		<!-- dim button; brightness; dim; low -->
		<annotation cp='[🔅]' tts='luminosité faible'>luminosité</annotation>

		<!-- bright button; bright; brightness -->
		<annotation cp='[🔆]' tts='luminosité élevée'>luminosité</annotation>

		<!-- antenna bars; antenna; bar; cell; mobile; phone; signal; telephone -->
		<annotation cp='[📶]' tts='barres de réseau'>réseau</annotation>

		<!-- no mobile phones; cell; forbidden; mobile; no; not; phone; prohibited; telephone -->
		<annotation cp='[📵]' tts='téléphones portables interdits'>téléphone; portable</annotation>

		<!-- vibration mode; cell; mobile; mode; phone; telephone; vibration -->
		<annotation cp='[📳]' tts='mode vibreur'>vibreur</annotation>

		<!-- mobile phone off; cell; mobile; off; phone; telephone -->
		<annotation cp='[📴]' tts='téléphone éteint'>téléphone</annotation>

		<!-- hundred points; 100; full; hundred; score -->
		<annotation cp='[💯]' tts='cent points'>cent</annotation>

		<!-- no one under eighteen; 18; age restriction; eighteen; forbidden; no; not; prohibited; underage -->
		<annotation cp='[🔞]' tts='18 ans et plus'>dix-huit</annotation>

		<!-- input latin uppercase; input; latin; letters; uppercase -->
		<annotation cp='[🔠]' tts='majuscules'>lettre</annotation>

		<!-- input latin lowercase; abcd; input; latin; letters; lowercase -->
		<annotation cp='[🔡]' tts='minuscules'>lettre</annotation>

		<!-- input latin letters; abc; alphabet; input; latin; letters -->
		<annotation cp='[🔤]' tts='alphabet latin'>alphabet</annotation>

		<!-- a button; a; blood -->
		<annotation cp='[🅰]' tts='groupe sanguin A'>groupe sanguin; A</annotation>

		<!-- ab button; ab; blood -->
		<annotation cp='[🆎]' tts='groupe sanguin AB'>groupe sanguin; AB</annotation>

		<!-- b button; b; blood -->
		<annotation cp='[🅱]' tts='groupe sanguin B'>groupe sanguin; B</annotation>

		<!-- squared cl; cl -->
		<annotation cp='[🆑]' tts='icône Effacer'>effacer</annotation>

		<!-- squared cool; cool -->
		<annotation cp='[🆒]' tts='icône Cool'>cool</annotation>

		<!-- squared free; free -->
		<annotation cp='[🆓]' tts='icône Gratuit'>gratuit</annotation>

		<!-- squared id; id; identity -->
		<annotation cp='[🆔]' tts='icône Identifiant'>identifiant</annotation>

		<!-- circled letter m; circle; m -->
		<annotation cp='[Ⓜ]' tts='m encerclé'>m; cercle</annotation>

		<!-- squared new; new -->
		<annotation cp='[🆕]' tts='icône Nouveau'>nouveau</annotation>

		<!-- squared ng; ng -->
		<annotation cp='[🆖]' tts='icône Interdit'>interdit; mauvais</annotation>

		<!-- o button; blood; o -->
		<annotation cp='[🅾]' tts='groupe sanguin O'>groupe sanguin; O</annotation>

		<!-- squared ok; ok -->
		<annotation cp='[🆗]' tts='icône OK'>OK</annotation>

		<!-- squared sos; help; sos -->
		<annotation cp='[🆘]' tts='icône SOS'>SOS</annotation>

		<!-- up! button; mark; up -->
		<annotation cp='[🆙]' tts='icône Nouveauté'>nouveauté; nouveau</annotation>

		<!-- squared vs; versus; vs -->
		<annotation cp='[🆚]' tts='icône Contre'>contre</annotation>

		<!-- squared katakana koko; japanese -->
		<annotation cp='[🈁]' tts='idéogramme katakana ici'>japonais</annotation>

		<!-- squared katakana sa; japanese -->
		<annotation cp='[🈂]' tts='idéogramme katakana sa'>japonais</annotation>

		<!-- squared moon ideograph; japanese -->
		<annotation cp='[🈷]' tts='idéogramme lune'>japonais</annotation>

		<!-- squared exist ideograph; japanese -->
		<annotation cp='[🈶]' tts='idéogramme exister'>japonais</annotation>

		<!-- squared finger ideograph; japanese -->
		<annotation cp='[🈯]' tts='idéogramme doigt'>japonais</annotation>

		<!-- circled advantage ideograph; japanese -->
		<annotation cp='[🉐]' tts='idéogramme avantage'>japonais</annotation>

		<!-- squared divide ideograph; japanese -->
		<annotation cp='[🈹]' tts='idéogramme diviser'>japonais</annotation>

		<!-- squared negation ideograph; japanese -->
		<annotation cp='[🈚]' tts='idéogramme négation'>japonais</annotation>

		<!-- squared prohibit ideograph; japanese -->
		<annotation cp='[🈲]' tts='idéogramme interdit'>japonais</annotation>

		<!-- circled accept ideograph; chinese -->
		<annotation cp='[🉑]' tts='idéogramme accepter'>chinois</annotation>

		<!-- squared apply ideograph; chinese -->
		<annotation cp='[🈸]' tts='idéogramme appliquer'>chinois</annotation>

		<!-- squared together ideograph; chinese -->
		<annotation cp='[🈴]' tts='idéogramme ensemble'>chinois</annotation>

		<!-- squared empty ideograph; chinese -->
		<annotation cp='[🈳]' tts='idéogramme vide'>chinois</annotation>

		<!-- circled congratulate ideograph; chinese; congratulation; congratulations; ideograph -->
		<annotation cp='[㊗]' tts='idéogramme félicitations'>chinois</annotation>

		<!-- circled secret ideograph; chinese; ideograph; secret -->
		<annotation cp='[㊙]' tts='idéogramme secret'>chinois</annotation>

		<!-- squared operating ideograph; chinese -->
		<annotation cp='[🈺]' tts='idéogramme fonctionnement'>chinois</annotation>

		<!-- squared fullness ideograph; chinese -->
		<annotation cp='[🈵]' tts='idéogramme plénitude'>chinois</annotation>

		<!-- black small square; geometric; square -->
		<annotation cp='[▪]' tts='petit carré noir'>géométrie; forme</annotation>

		<!-- white small square; geometric; square -->
		<annotation cp='[▫]' tts='petit carré blanc'>géométrie; forme</annotation>

		<!-- white medium square; geometric; square -->
		<annotation cp='[◻]' tts='carré moyen blanc'>géométrie; forme</annotation>

		<!-- black medium square; geometric; square -->
		<annotation cp='[◼]' tts='carré moyen noir'>géométrie; forme</annotation>

		<!-- white medium-small square; geometric; square -->
		<annotation cp='[◽]' tts='carré petit moyen blanc'>géométrie; forme</annotation>

		<!-- black medium-small square; geometric; square -->
		<annotation cp='[◾]' tts='carré petit moyen noir'>géométrie; forme</annotation>

		<!-- black large square; geometric; square -->
		<annotation cp='[⬛]' tts='grand carré noir'>géométrie; forme</annotation>

		<!-- white large square; geometric; square -->
		<annotation cp='[⬜]' tts='grand carré blanc'>géométrie; forme</annotation>

		<!-- large orange diamond; diamond; geometric; orange -->
		<annotation cp='[🔶]' tts='grand losange orange'>losange</annotation>

		<!-- large blue diamond; blue; diamond; geometric -->
		<annotation cp='[🔷]' tts='grand losange bleu'>losange</annotation>

		<!-- small orange diamond; diamond; geometric; orange -->
		<annotation cp='[🔸]' tts='petit losange orange'>losange</annotation>

		<!-- small blue diamond; blue; diamond; geometric -->
		<annotation cp='[🔹]' tts='petit losange bleu'>losange</annotation>

		<!-- red triangle pointed up; geometric; red -->
		<annotation cp='[🔺]' tts='triangle haut'>flèche</annotation>

		<!-- red triangle pointed down; down; geometric; red -->
		<annotation cp='[🔻]' tts='triangle bas'>flèche</annotation>

		<!-- black square button; button; geometric; square -->
		<annotation cp='[🔲]' tts='carré noir'>bouton</annotation>

		<!-- white square button; button; geometric; outlined; square -->
		<annotation cp='[🔳]' tts='carré blanc'>bouton</annotation>

		<!-- white circle; circle; geometric -->
		<annotation cp='[⚪]' tts='cercle blanc'>cercle</annotation>

		<!-- black circle; circle; geometric -->
		<annotation cp='[⚫]' tts='cercle noir'>cercle</annotation>

		<!-- red circle; circle; geometric; red -->
		<annotation cp='[🔴]' tts='rond rouge'>rond</annotation>

		<!-- blue circle; blue; circle; geometric -->
		<annotation cp='[🔵]' tts='rond bleu'>rond</annotation>
	</annotations>
</ldml>