<?xml version='1.0' encoding='UTF-8' ?>
<!DOCTYPE ldml SYSTEM '../../common/dtd/ldml.dtd'>
<!--	© 1991-2015 Unicode, Inc.
	Unicode and the Unicode Logo are registered trademarks of Unicode, Inc. in the U.S. and other countries.
	For terms of use, see http://www.unicode.org/copyright.html
	CLDR data files are interpreted according to the LDML specification (http://unicode.org/reports/tr35/)

	DO NOT CHANGE MANUALLY! Generated by: GenerateOtherAnnotations
 -->
<ldml>
	<identity>
		<version number="$Revision: 12320 $"/>
		<language type='zh'/>
	</identity>
	<annotations>

		<!-- grinning face; face; grin -->
		<annotation cp='[😀]' tts='呵呵'>笑脸</annotation>

		<!-- grinning face with smiling eyes; eye; face; grin; smile -->
		<annotation cp='[😁]' tts='嘻嘻'>笑脸</annotation>

		<!-- face with tears of joy; face; joy; laugh; tear -->
		<annotation cp='[😂]' tts='喜极而泣'>眼泪</annotation>

		<!-- smiling face with open mouth; face; mouth; open; smile -->
		<annotation cp='[😃]' tts='哈哈'>笑脸</annotation>

		<!-- smiling face with open mouth and cold sweat; cold; face; open; smile; sweat -->
		<annotation cp='[😅]' tts='苦笑'>汗</annotation>

		<!-- smiling face with smiling eyes; blush; eye; face; smile -->
		<annotation cp='[😊]' tts='羞涩微笑'>羞涩; 害羞; 微笑; 脸红</annotation>

		<!-- face savouring delicious food; delicious; face; savouring; smile; um; yum -->
		<annotation cp='[😋]' tts='口水'>哈喇子; 好吃; 美味</annotation>

		<!-- smiling face with sunglasses; bright; cool; eye; eyewear; face; glasses; smile; sun; sunglasses; weather -->
		<annotation cp='[😎]' tts='墨镜笑脸'>酷; 墨镜; 太阳镜; 眼镜</annotation>

		<!-- smiling face with heart-shaped eyes; eye; face; heart; love; smile -->
		<annotation cp='[😍]' tts='花痴'>爱; 红心</annotation>

		<!-- kissing face; face; kiss -->
		<annotation cp='[😗]' tts='亲亲'>吻</annotation>

		<!-- kissing face with smiling eyes; eye; face; kiss; smile -->
		<annotation cp='[😙]' tts='微笑亲亲'>亲亲; 吻; 微笑</annotation>

		<!-- kissing face with closed eyes; closed; eye; face; kiss -->
		<annotation cp='[😚]' tts='羞涩亲亲'>亲亲; 吻; 羞涩</annotation>

		<!-- smiling face with halo; angel; face; fairy tale; fantasy; halo; innocent; smile -->
		<annotation cp='[😇]' tts='微笑天使'>天使; 光环; 微笑</annotation>

		<!-- thinking face; face; thinking -->
		<annotation cp='[🤔]' tts='想一想'>思考; 想</annotation>

		<!-- smirking face; face; smirk -->
		<annotation cp='[😏]' tts='得意的笑'>得意; 假笑; 冷笑</annotation>

		<!-- persevering face; face; persevere -->
		<annotation cp='[😣]' tts='痛苦'>忍耐; 难受</annotation>

		<!-- disappointed but relieved face; disappointed; face; relieved; whew -->
		<annotation cp='[😥]' tts='失望但如释重负'>失望; 如释重负</annotation>

		<!-- face with open mouth; face; mouth; open; sympathy -->
		<annotation cp='[😮]' tts='吃惊'>啊</annotation>

		<!-- hushed face; face; hushed; stunned; surprised -->
		<annotation cp='[😯]' tts='哦'>吃惊</annotation>

		<!-- tired face; face; tired -->
		<annotation cp='[😫]' tts='累'>疲惫; 疲劳; 疲倦</annotation>

		<!-- sleeping face; face; sleep; zzz -->
		<annotation cp='[😴]' tts='睡着了'>打呼; 呼噜</annotation>

		<!-- relieved face; face; relieved -->
		<annotation cp='[😌]' tts='松了口气'>松口气; 如释重负</annotation>

		<!-- nerd face; face; geek; nerd -->
		<annotation cp='[🤓]' tts='眼镜笑脸'>眼镜; 极客; 书呆子</annotation>

		<!-- face with stuck-out tongue and winking eye; eye; face; joke; tongue; wink -->
		<annotation cp='[😜]' tts='单眼吐舌'>吐舌; 单眼</annotation>

		<!-- face with stuck-out tongue and tightly-closed eyes; eye; face; horrible; taste; tongue -->
		<annotation cp='[😝]' tts='眯眼吐舌'>吐舌; 眯眼</annotation>

		<!-- frowning face; face; frown -->
		<annotation cp='[☹]' tts='委屈'>不高兴; 不爽</annotation>

		<!-- slightly frowning face; face; frown -->
		<annotation cp='[🙁]' tts='小委屈'>委屈; 不高兴; 心情不好; 不开心</annotation>

		<!-- pensive face; dejected; face; pensive -->
		<annotation cp='[😔]' tts='沉思'>心事重重</annotation>

		<!-- upside-down face; face; upside-down -->
		<annotation cp='[🙃]' tts='倒脸'>颠倒</annotation>

		<!-- face with medical mask; cold; doctor; face; mask; medicine; sick -->
		<annotation cp='[😷]' tts='口罩'>生病</annotation>

		<!-- face with thermometer; face; ill; sick; thermometer -->
		<annotation cp='[🤒]' tts='发烧'>温度计</annotation>

		<!-- face with head-bandage; bandage; face; hurt; injury -->
		<annotation cp='[🤕]' tts='受伤'>打绷带</annotation>

		<!-- astonished face; astonished; face; shocked; totally -->
		<annotation cp='[😲]' tts='震惊'>惊</annotation>

		<!-- face with steam from nose; face; triumph; won -->
		<annotation cp='[😤]' tts='傲慢'>自负; 趾高气昂</annotation>

		<!-- crying face; cry; face; sad; tear -->
		<annotation cp='[😢]' tts='哭'>泪</annotation>

		<!-- loudly crying face; cry; face; sad; sob; tear -->
		<annotation cp='[😭]' tts='放声大哭'>泪; 哭; 痛哭; 大哭</annotation>

		<!-- frowning face with open mouth; face; frown; mouth; open -->
		<annotation cp='[😦]' tts='啊'>目瞪口呆</annotation>

		<!-- anguished face; anguished; face -->
		<annotation cp='[😧]' tts='痛啊'>痛; 难受</annotation>

		<!-- fearful face; face; fear; fearful; scared -->
		<annotation cp='[😨]' tts='害怕'>怕; 恐怖</annotation>

		<!-- weary face; face; tired; weary -->
		<annotation cp='[😩]' tts='累死了'>累; 疲惫; 疲劳; 疲倦</annotation>

		<!-- grimacing face; face; grimace -->
		<annotation cp='[😬]' tts='龇牙咧嘴'>露齿; 鬼脸; 咬牙切齿</annotation>

		<!-- face screaming in fear; face; fear; fearful; munch; scared; scream -->
		<annotation cp='[😱]' tts='吓死了'>吓死; 恐怖</annotation>

		<!-- flushed face; dazed; face; flushed -->
		<annotation cp='[😳]' tts='脸红'>羞涩; 害羞; 困惑; 迷茫; 茫然</annotation>

		<!-- dizzy face; dizzy; face -->
		<annotation cp='[😵]' tts='晕头转向'>头晕; 晕头</annotation>

		<!-- pouting face; angry; face; mad; pouting; rage; red -->
		<annotation cp='[😡]' tts='怒火中烧'>怒; 生气; 发飙; 发火</annotation>

		<!-- angry face; angry; face; mad -->
		<annotation cp='[😠]' tts='生气'>怒</annotation>

		<!-- smiling face with horns; face; fairy tale; fantasy; horns; smile -->
		<annotation cp='[😈]' tts='恶魔微笑'>恶魔; 微笑; 犄角</annotation>

		<!-- imp; demon; devil; face; fairy tale; fantasy -->
		<annotation cp='[👿]' tts='恶魔'>犄角</annotation>

		<!-- skull; body; death; face; fairy tale; monster -->
		<annotation cp='[💀]' tts='头骨'>骷髅</annotation>

		<!-- skull and crossbones; body; crossbones; death; face; monster; skull -->
		<annotation cp='[☠]' tts='骷髅'>骨头; 头骨; 死亡; 怪物</annotation>

		<!-- ghost; creature; face; fairy tale; fantasy; monster -->
		<annotation cp='[👻]' tts='鬼'>幽灵; 怪物</annotation>

		<!-- alien; creature; extraterrestrial; face; fairy tale; fantasy; monster; space; ufo -->
		<annotation cp='[👽]' tts='外星人'>外星; ufo; 飞碟; 太空; 星际</annotation>

		<!-- alien monster; alien; creature; extraterrestrial; face; fairy tale; fantasy; monster; space; ufo -->
		<annotation cp='[👾]' tts='怪物'>外星; ufo; 飞碟; 太空; 星际</annotation>

		<!-- pile of poo; comic; dung; face; monster; poo; poop -->
		<annotation cp='[💩]' tts='大便'>粑粑; 屎</annotation>

		<!-- smiling cat face with open mouth; cat; face; mouth; open; smile -->
		<annotation cp='[😺]' tts='大笑的猫脸'>哈哈; 猫脸</annotation>

		<!-- grinning cat face with smiling eyes; cat; eye; face; grin; smile -->
		<annotation cp='[😸]' tts='微笑的猫脸'>呵呵; 猫脸</annotation>

		<!-- cat face with tears of joy; cat; face; joy; tear -->
		<annotation cp='[😹]' tts='笑出眼泪的猫脸'>笑出眼泪; 猫脸</annotation>

		<!-- smiling cat face with heart-shaped eyes; cat; eye; face; heart; love; smile -->
		<annotation cp='[😻]' tts='花痴的猫脸'>花痴; 猫脸</annotation>

		<!-- cat face with wry smile; cat; face; ironic; smile; wry -->
		<annotation cp='[😼]' tts='奸笑的猫脸'>奸笑; 猫脸</annotation>

		<!-- kissing cat face with closed eyes; cat; eye; face; kiss -->
		<annotation cp='[😽]' tts='猫脸亲亲'>亲亲; 猫脸</annotation>

		<!-- weary cat face; cat; face; oh; surprised; weary -->
		<annotation cp='[🙀]' tts='疲倦的猫脸'>累; 疲惫; 疲劳; 疲倦; 惊讶; 厌烦; 厌倦; 猫脸</annotation>

		<!-- crying cat face; cat; cry; face; sad; tear -->
		<annotation cp='[😿]' tts='哭泣的猫脸'>哭; 泪; 猫脸</annotation>

		<!-- pouting cat face; cat; face; pouting -->
		<annotation cp='[😾]' tts='生气的猫脸'>生气; 猫脸</annotation>

		<!-- see-no-evil; evil; face; forbidden; gesture; monkey; no; not; prohibited; see -->
		<annotation cp='[🙈]' tts='非礼勿视'>蒙住眼睛; 蒙眼</annotation>

		<!-- hear-no-evil; evil; face; forbidden; gesture; hear; monkey; no; not; prohibited -->
		<annotation cp='[🙉]' tts='非礼勿听'>堵上耳朵; 堵耳</annotation>

		<!-- speak-no-evil; evil; face; forbidden; gesture; monkey; no; not; prohibited; speak -->
		<annotation cp='[🙊]' tts='非礼勿言'>捂上嘴巴; 捂嘴</annotation>

		<!-- old man; man; old -->
		<annotation cp='[👴]' tts='老爷爷'>老头; 老人</annotation>

		<!-- old woman; old; woman -->
		<annotation cp='[👵]' tts='老奶奶'>老太; 老人</annotation>

		<!-- baby -->
		<annotation cp='[👶]' tts='小宝贝'>宝宝</annotation>

		<!-- person with blond hair; blond -->
		<annotation cp='[👱]' tts='金色头发的人'>金发</annotation>

		<!-- police officer; cop; officer; police -->
		<annotation cp='[👮]' tts='警察'>警官</annotation>

		<!-- man with chinese cap; gua pi mao; hat; man -->
		<annotation cp='[👲]' tts='戴瓜皮帽的人'>瓜皮帽; 帽子</annotation>

		<!-- man with turban; man; turban -->
		<annotation cp='[👳]' tts='戴头巾的人'>头巾</annotation>

		<!-- bride with veil; bride; veil; wedding -->
		<annotation cp='[👰]' tts='新娘'>头纱</annotation>

		<!-- gesturing no; forbidden; gesture; hand; no; not; prohibited -->
		<annotation cp='[🙅]' tts='禁止手势'>禁止; 不行</annotation>

		<!-- gesturing ok; gesture; hand; ok -->
		<annotation cp='[🙆]' tts='OK手势'>ok; 好的</annotation>

		<!-- information desk person; hand; help; information; sassy -->
		<annotation cp='[💁]' tts='前台'>时髦</annotation>

		<!-- person bowing; apology; bow; gesture; sorry -->
		<annotation cp='[🙇]' tts='鞠躬'>抱歉; 不好意思; 对不起; 道歉</annotation>

		<!-- pedestrian; hike; walk; walking -->
		<annotation cp='[🚶]' tts='行人'>路人</annotation>

		<!-- runner; marathon; running -->
		<annotation cp='[🏃]' tts='跑步者'>跑步; 马拉松; 奔跑</annotation>

		<!-- dancer -->
		<annotation cp='[💃]' tts='舞者'>跳舞</annotation>

		<!-- man in business suit levitating; business; man; suit -->
		<annotation cp='[🕴]' tts='西装革履的人'>西装革履; 正装</annotation>

		<!-- kiss; couple; romance -->
		<annotation cp='[💏]' tts='亲吻'>接吻; 浪漫</annotation>

		<!-- couple with heart; couple; heart; love; romance -->
		<annotation cp='[💑]' tts='情侣'>恋爱; 红心; 浪漫</annotation>

		<!-- family; child; father; mother -->
		<annotation cp='[👪]' tts='家庭'>亲子</annotation>

		<!-- man and woman holding hands; couple; hand; hold; man; woman -->
		<annotation cp='[👫]' tts='手拉手的一男一女'>情侣; 手拉手; 一男一女</annotation>

		<!-- two men holding hands; couple; gemini; hand; hold; man; twins; zodiac -->
		<annotation cp='[👬]' tts='手拉手的两个男人'>情侣; 手拉手; 两个男人</annotation>

		<!-- two women holding hands; couple; hand; hold; woman -->
		<annotation cp='[👭]' tts='手拉手的两个女人'>情侣; 手拉手; 两个女人</annotation>

		<!-- flexed biceps; biceps; body; comic; flex; muscle -->
		<annotation cp='[💪]' tts='肌肉'>二头肌; 强壮</annotation>

		<!-- backhand index pointing left; backhand; body; finger; hand; index; point -->
		<annotation cp='[👈]' tts='反手食指向左指'>反手; 食指; 向左指; 指左</annotation>

		<!-- backhand index pointing right; backhand; body; finger; hand; index; point -->
		<annotation cp='[👉]' tts='反手食指向右指'>反手; 食指; 向右指; 指右</annotation>

		<!-- index pointing up; body; finger; hand; index; point; up -->
		<annotation cp='[☝]' tts='食指向上指'>食指; 向上指; 指上</annotation>

		<!-- backhand index pointing up; backhand; body; finger; hand; index; point; up -->
		<annotation cp='[👆]' tts='反手食指向上指'>反手; 食指; 向上指; 指上</annotation>

		<!-- middle finger; body; finger; hand -->
		<annotation cp='[🖕]' tts='竖中指'>反手; 中指</annotation>

		<!-- backhand index pointing down; backhand; body; down; finger; hand; index; point -->
		<annotation cp='[👇]' tts='反手食指向下指'>反手; 食指; 向下指; 指下</annotation>

		<!-- victory hand; body; hand; v; victory -->
		<annotation cp='[✌]' tts='胜利手势'>胜利; 成功</annotation>

		<!-- raised hand; body; hand -->
		<annotation cp='[✋]' tts='举起的手'>举手</annotation>

		<!-- ok hand; body; hand; ok -->
		<annotation cp='[👌]' tts='OK 手势'>OK; 好的; 同意; 确定</annotation>

		<!-- thumbs up; +1; body; hand; thumb; up -->
		<annotation cp='[👍]' tts='拇指向上'>赞成; 同意; 真棒; 顶一下</annotation>

		<!-- thumbs down; -1; body; down; hand; thumb -->
		<annotation cp='[👎]' tts='拇指向下'>不赞成; 责备; 反对</annotation>

		<!-- raised fist; body; clenched; fist; hand; punch -->
		<annotation cp='[✊]' tts='拳头'>握拳</annotation>

		<!-- clapping hands; body; clap; hand -->
		<annotation cp='[👏]' tts='鼓掌'>拍手</annotation>

		<!-- nail polish; body; care; cosmetics; manicure; nail; polish -->
		<annotation cp='[💅]' tts='涂指甲油'>美甲; 指甲油</annotation>

		<!-- footprints; body; clothing; footprint; print -->
		<annotation cp='[👣]' tts='脚印'>足迹</annotation>

		<!-- eyes; body; eye; face -->
		<annotation cp='[👀]' tts='眼睛'>双眼</annotation>

		<!-- kiss mark; heart; kiss; lips; mark; romance -->
		<annotation cp='[💋]' tts='唇印'>浪漫</annotation>

		<!-- heart with arrow; arrow; cupid; heart; romance -->
		<annotation cp='[💘]' tts='一箭穿心'>丘比特; 浪漫; 红心; 爱情; 箭</annotation>

		<!-- two hearts; heart; love -->
		<annotation cp='[💕]' tts='两颗心'>爱情</annotation>

		<!-- sparkling heart; excited; heart; sparkle -->
		<annotation cp='[💖]' tts='闪亮的心'>激动; 红心; 闪亮</annotation>

		<!-- growing heart; excited; growing; heart; heartpulse; nervous -->
		<annotation cp='[💗]' tts='搏动的心'>搏动; 红心; 激动; 紧张</annotation>

		<!-- heart with ribbon; heart; ribbon; valentine -->
		<annotation cp='[💝]' tts='系有缎带的心'>送你一颗心; 爱的礼物</annotation>

		<!-- zzz; comic; sleep -->
		<annotation cp='[💤]' tts='睡着'>打呼; 呼噜</annotation>

		<!-- sweat droplets; comic; splashing; sweat -->
		<annotation cp='[💦]' tts='汗滴'>汗</annotation>

		<!-- dashing; comic; dash; running -->
		<annotation cp='[💨]' tts='尾气'>扬尘而去; 疾驰而去; 飞奔而去</annotation>

		<!-- dizzy; comic; star -->
		<annotation cp='[💫]' tts='飞旋的星星'>头晕目眩</annotation>

		<!-- speech balloon; balloon; bubble; comic; dialog; speech -->
		<annotation cp='[💬]' tts='话语气泡'>气泡; 对话框; 漫画; 气球; 话语; 发言</annotation>

		<!-- left speech bubble; dialog; speech -->
		<annotation cp='[🗨]' tts='朝左的话语气泡'>对话框; 话语</annotation>

		<!-- right anger bubble; angry; balloon; bubble; mad -->
		<annotation cp='[🗯]' tts='愤怒话语气泡'>对话框; 愤怒</annotation>

		<!-- thought balloon; balloon; bubble; comic; thought -->
		<annotation cp='[💭]' tts='内心活动气泡'>对话框; 思想活动; 内心</annotation>

		<!-- sunglasses; dark; eye; eyewear; glasses -->
		<annotation cp='[🕶]' tts='墨镜'>太阳镜</annotation>

		<!-- necktie; clothing -->
		<annotation cp='[👔]' tts='领带'>衬衫领带</annotation>

		<!-- t-shirt; clothing; shirt; tshirt -->
		<annotation cp='[👕]' tts='T恤'>恤衫</annotation>

		<!-- jeans; clothing; pants; trousers -->
		<annotation cp='[👖]' tts='牛仔裤'>裤子</annotation>

		<!-- dress; clothing -->
		<annotation cp='[👗]' tts='连衣裙'>裙子</annotation>

		<!-- bikini; clothing; swim -->
		<annotation cp='[👙]' tts='比基尼'>泳装; 三点式</annotation>

		<!-- handbag; bag; clothing -->
		<annotation cp='[👜]' tts='包包'>手提包; 挎包</annotation>

		<!-- man’s shoe; clothing; man; shoe -->
		<annotation cp='[👞]' tts='皮鞋'>男鞋</annotation>

		<!-- crown; clothing; king; queen -->
		<annotation cp='[👑]' tts='皇冠'>王冠</annotation>

		<!-- woman’s hat; clothing; hat; woman -->
		<annotation cp='[👒]' tts='女帽'>女式; 帽子</annotation>

		<!-- graduation cap; cap; celebration; clothing; graduation; hat -->
		<annotation cp='[🎓]' tts='毕业帽'>四方帽</annotation>

		<!-- lipstick; cosmetics; makeup -->
		<annotation cp='[💄]' tts='口红'>唇膏</annotation>

		<!-- ring; diamond; romance -->
		<annotation cp='[💍]' tts='戒指'>钻戒</annotation>

		<!-- gem stone; diamond; gem; jewel; romance -->
		<annotation cp='[💎]' tts='宝石'>钻石</annotation>

		<!-- monkey -->
		<annotation cp='[🐒]' tts='猴子'>猴</annotation>

		<!-- dog face; dog; face; pet -->
		<annotation cp='[🐶]' tts='狗脸'>汪星人</annotation>

		<!-- dog; pet -->
		<annotation cp='[🐕]' tts='狗'>汪星人</annotation>

		<!-- cat face; cat; face; pet -->
		<annotation cp='[🐱]' tts='猫脸'>喵星人</annotation>

		<!-- cat; pet -->
		<annotation cp='[🐈]' tts='猫'>喵星人</annotation>

		<!-- tiger -->
		<annotation cp='[🐅]' tts='老虎'>虎</annotation>

		<!-- leopard -->
		<annotation cp='[🐆]' tts='豹子'>豹</annotation>

		<!-- horse face; face; horse -->
		<annotation cp='[🐴]' tts='马头'>马</annotation>

		<!-- ox; bull; taurus; zodiac -->
		<annotation cp='[🐂]' tts='公牛'>牛</annotation>

		<!-- cow -->
		<annotation cp='[🐄]' tts='奶牛'>牛</annotation>

		<!-- ram; aries; sheep; zodiac -->
		<annotation cp='[🐏]' tts='公羊'>羊</annotation>

		<!-- two-hump camel; bactrian; camel; hump -->
		<annotation cp='[🐫]' tts='双峰骆驼'>骆驼; 双峰</annotation>

		<!-- mouse -->
		<annotation cp='[🐁]' tts='老鼠'>耗子; 鼠</annotation>

		<!-- rat -->
		<annotation cp='[🐀]' tts='耗子'>鼠</annotation>

		<!-- rabbit; bunny; pet -->
		<annotation cp='[🐇]' tts='兔子'>兔</annotation>

		<!-- hatching chick; baby; chick; hatching -->
		<annotation cp='[🐣]' tts='小鸡破壳'>小鸡; 破壳</annotation>

		<!-- front-facing baby chick; baby; chick -->
		<annotation cp='[🐥]' tts='正面朝向的小鸡'>小鸡</annotation>

		<!-- spouting whale; face; spouting; whale -->
		<annotation cp='[🐳]' tts='喷水的鲸'>喷水; 鲸</annotation>

		<!-- spiral shell; shell; spiral -->
		<annotation cp='[🐚]' tts='海螺'>螺</annotation>

		<!-- bug; insect -->
		<annotation cp='[🐛]' tts='毛毛虫'>毛虫</annotation>

		<!-- spider web; spider; web -->
		<annotation cp='[🕸]' tts='蜘蛛网'>蛛网</annotation>

		<!-- bouquet; flower; plant; romance -->
		<annotation cp='[💐]' tts='花束'>鲜花</annotation>

		<!-- white flower; flower -->
		<annotation cp='[💮]' tts='白花'>花</annotation>

		<!-- rosette; plant -->
		<annotation cp='[🏵]' tts='圆形花饰'>花</annotation>

		<!-- rose; flower; plant -->
		<annotation cp='[🌹]' tts='玫瑰'>花</annotation>

		<!-- hibiscus; flower; plant -->
		<annotation cp='[🌺]' tts='芙蓉'>木槿; 花</annotation>

		<!-- blossom; flower; plant -->
		<annotation cp='[🌼]' tts='开花'>花</annotation>

		<!-- evergreen; plant; tree -->
		<annotation cp='[🌲]' tts='松树'>常青树</annotation>

		<!-- herb; leaf; plant -->
		<annotation cp='[🌿]' tts='药草'>香草; 草药</annotation>

		<!-- leaf fluttering in wind; blow; flutter; leaf; plant; wind -->
		<annotation cp='[🍃]' tts='风吹叶落'>叶子; 树叶; 随风飘舞</annotation>

		<!-- grapes; fruit; grape; plant -->
		<annotation cp='[🍇]' tts='葡萄'>水果</annotation>

		<!-- melon; fruit; plant -->
		<annotation cp='[🍈]' tts='甜瓜'>香瓜; 蜜瓜; 水果</annotation>

		<!-- watermelon; fruit; plant -->
		<annotation cp='[🍉]' tts='西瓜'>水果</annotation>

		<!-- tangerine; fruit; orange; plant -->
		<annotation cp='[🍊]' tts='橘子'>水果; 桔子</annotation>

		<!-- lemon; citrus; fruit; plant -->
		<annotation cp='[🍋]' tts='柠檬'>水果</annotation>

		<!-- banana; fruit; plant -->
		<annotation cp='[🍌]' tts='香蕉'>水果</annotation>

		<!-- pineapple; fruit; plant -->
		<annotation cp='[🍍]' tts='菠萝'>水果</annotation>

		<!-- red apple; apple; fruit; plant; red -->
		<annotation cp='[🍎]' tts='红苹果'>水果; 苹果; 红</annotation>

		<!-- green apple; apple; fruit; green; plant -->
		<annotation cp='[🍏]' tts='青苹果'>水果; 苹果; 青</annotation>

		<!-- pear; fruit; plant -->
		<annotation cp='[🍐]' tts='梨'>水果</annotation>

		<!-- peach; fruit; plant -->
		<annotation cp='[🍑]' tts='桃'>水果</annotation>

		<!-- cherries; cherry; fruit; plant -->
		<annotation cp='[🍒]' tts='樱桃'>水果</annotation>

		<!-- strawberry; berry; fruit; plant -->
		<annotation cp='[🍓]' tts='草莓'>水果</annotation>

		<!-- tomato; plant; vegetable -->
		<annotation cp='[🍅]' tts='西红柿'>番茄; 蔬菜</annotation>

		<!-- eggplant; aubergine; plant; vegetable -->
		<annotation cp='[🍆]' tts='茄子'>蔬菜</annotation>

		<!-- hot pepper; hot; pepper; plant -->
		<annotation cp='[🌶]' tts='红辣椒'>辣椒</annotation>

		<!-- pot of food; pot; stew -->
		<annotation cp='[🍲]' tts='一碗食物'>食物</annotation>

		<!-- bento box; bento; box -->
		<annotation cp='[🍱]' tts='盒饭'>便当</annotation>

		<!-- steaming bowl; bowl; noodle; ramen; steaming -->
		<annotation cp='[🍜]' tts='面条'>拉面</annotation>

		<!-- spaghetti; pasta -->
		<annotation cp='[🍝]' tts='意粉'>意大利面; 意面</annotation>

		<!-- roasted sweet potato; potato; roasted; sweet -->
		<annotation cp='[🍠]' tts='烤红薯'>烤地瓜; 红薯; 地瓜</annotation>

		<!-- fried shrimp; fried; prawn; shrimp; tempura -->
		<annotation cp='[🍤]' tts='天妇罗'>炸虾</annotation>

		<!-- soft ice cream; cream; dessert; ice; icecream; soft; sweet -->
		<annotation cp='[🍦]' tts='圆筒冰激凌'>圆筒冰淇淋</annotation>

		<!-- cookie; dessert; sweet -->
		<annotation cp='[🍪]' tts='饼干'>曲奇</annotation>

		<!-- birthday cake; birthday; cake; celebration; dessert; pastry; sweet -->
		<annotation cp='[🎂]' tts='生日蛋糕'>蛋糕; 生日; 庆祝</annotation>

		<!-- candy; dessert; sweet -->
		<annotation cp='[🍬]' tts='糖'>糖果</annotation>

		<!-- custard; dessert; pudding; sweet -->
		<annotation cp='[🍮]' tts='奶黄'>卡士达; 吉士; 蛋奶冻; 蛋奶沙司</annotation>

		<!-- hot beverage; beverage; coffee; drink; hot; steaming; tea -->
		<annotation cp='[☕]' tts='热饮'>咖啡; 茶</annotation>

		<!-- sake; bar; beverage; bottle; cup; drink -->
		<annotation cp='[🍶]' tts='清酒'>酒</annotation>

		<!-- wine glass; bar; beverage; drink; glass; wine -->
		<annotation cp='[🍷]' tts='葡萄酒'>酒杯; 酒</annotation>

		<!-- tropical drink; bar; drink; tropical -->
		<annotation cp='[🍹]' tts='热带水果饮料'>饮料</annotation>

		<!-- globe showing europe-africa; africa; earth; europe; globe; world -->
		<annotation cp='[🌍]' tts='地球上的欧洲非洲'>欧洲; 非洲; 地球</annotation>

		<!-- globe showing americas; americas; earth; globe; world -->
		<annotation cp='[🌎]' tts='地球上的美洲'>美洲; 地球</annotation>

		<!-- globe showing asia-australia; asia; australia; earth; globe; world -->
		<annotation cp='[🌏]' tts='地球上的亚洲'>亚洲; 地球</annotation>

		<!-- desert island; desert; island -->
		<annotation cp='[🏝]' tts='无人荒岛'>沙滩孤岛</annotation>

		<!-- house building; building; home; house -->
		<annotation cp='[🏠]' tts='房子'>家</annotation>

		<!-- house with garden; building; garden; home; house -->
		<annotation cp='[🏡]' tts='别墅'>房子; 家</annotation>

		<!-- office building; building -->
		<annotation cp='[🏢]' tts='办公楼'>写字楼</annotation>

		<!-- japanese post office; building; japanese; post -->
		<annotation cp='[🏣]' tts='日本邮局'>邮局; 日本</annotation>

		<!-- post office; building; european; post -->
		<annotation cp='[🏤]' tts='欧洲邮局'>邮局; 欧洲</annotation>

		<!-- hotel; building -->
		<annotation cp='[🏨]' tts='酒店'>旅馆</annotation>

		<!-- love hotel; building; hotel; love -->
		<annotation cp='[🏩]' tts='情人酒店'>情人旅馆; 酒店; 旅馆</annotation>

		<!-- convenience store; building; convenience; store -->
		<annotation cp='[🏪]' tts='便利店'>商店</annotation>

		<!-- department store; building; department; store -->
		<annotation cp='[🏬]' tts='商场'>百货商店</annotation>

		<!-- japanese castle; building; castle; japanese -->
		<annotation cp='[🏯]' tts='日本城堡'>城堡; 日本</annotation>

		<!-- castle; building; european -->
		<annotation cp='[🏰]' tts='欧洲城堡'>城堡; 欧洲</annotation>

		<!-- sunrise over mountains; morning; mountain; sun; sunrise; weather -->
		<annotation cp='[🌄]' tts='山顶日出'>日出</annotation>

		<!-- sunset; building; dusk; sun; weather -->
		<annotation cp='[🌇]' tts='夕阳'>日落</annotation>

		<!-- bridge at night; bridge; night; weather -->
		<annotation cp='[🌉]' tts='夜幕下的桥'>桥; 晚上; 夜幕</annotation>

		<!-- performing arts; art; mask; performing; theater; theatre -->
		<annotation cp='[🎭]' tts='面具'>表演; 戏剧; 剧院</annotation>

		<!-- frame with picture; art; frame; museum; painting; picture -->
		<annotation cp='[🖼]' tts='带框的画'>画</annotation>

		<!-- locomotive; engine; railway; steam; train; vehicle -->
		<annotation cp='[🚂]' tts='蒸汽火车'>火车; 蒸汽</annotation>

		<!-- railway car; car; electric; railway; train; tram; trolleybus; vehicle -->
		<annotation cp='[🚃]' tts='有轨电车'>电车</annotation>

		<!-- high-speed train; railway; shinkansen; speed; train; vehicle -->
		<annotation cp='[🚄]' tts='高速列车'>火车; 新干线; 高速; 高铁; 动车</annotation>

		<!-- high-speed train with bullet nose; bullet; railway; shinkansen; speed; train; vehicle -->
		<annotation cp='[🚅]' tts='子弹头高速列车'>火车; 新干线; 高速; 高铁; 动车; 子弹头</annotation>

		<!-- light rail; railway; vehicle -->
		<annotation cp='[🚈]' tts='轻轨'>火车</annotation>

		<!-- station; railway; train; vehicle -->
		<annotation cp='[🚉]' tts='车站'>铁路</annotation>

		<!-- tram; trolleybus; vehicle -->
		<annotation cp='[🚊]' tts='路面电车'>电车</annotation>

		<!-- monorail; vehicle -->
		<annotation cp='[🚝]' tts='单轨'>火车</annotation>

		<!-- bus; vehicle -->
		<annotation cp='[🚌]' tts='公交车'>公共汽车; 大巴; 公交</annotation>

		<!-- oncoming bus; bus; oncoming; vehicle -->
		<annotation cp='[🚍]' tts='迎面驶来的公交车'>公共汽车; 大巴; 公交</annotation>

		<!-- trolleybus; bus; tram; trolley; vehicle -->
		<annotation cp='[🚎]' tts='老式电车'>公共汽车; 电车</annotation>

		<!-- bus stop; bus; busstop; stop -->
		<annotation cp='[🚏]' tts='公交车站'>公共汽车站; 公交站</annotation>

		<!-- minibus; bus; vehicle -->
		<annotation cp='[🚐]' tts='小巴'>公共汽车</annotation>

		<!-- fire engine; engine; fire; truck; vehicle -->
		<annotation cp='[🚒]' tts='消防车'>救火车</annotation>

		<!-- oncoming police car; car; oncoming; police; vehicle -->
		<annotation cp='[🚔]' tts='迎面驶来的警车'>警车</annotation>

		<!-- taxi; vehicle -->
		<annotation cp='[🚕]' tts='出租车'>的士</annotation>

		<!-- oncoming taxi; oncoming; taxi; vehicle -->
		<annotation cp='[🚖]' tts='迎面驶来的出租车'>的士; 出租车</annotation>

		<!-- automobile; car; vehicle -->
		<annotation cp='[🚗]' tts='汽车'>轿车</annotation>

		<!-- oncoming automobile; automobile; car; oncoming; vehicle -->
		<annotation cp='[🚘]' tts='迎面驶来的汽车'>轿车</annotation>

		<!-- recreational vehicle; recreational; rv; vehicle -->
		<annotation cp='[🚙]' tts='休闲车'>轿车; 房车</annotation>

		<!-- delivery truck; delivery; truck; vehicle -->
		<annotation cp='[🚚]' tts='货车'>卡车</annotation>

		<!-- articulated lorry; lorry; semi; truck; vehicle -->
		<annotation cp='[🚛]' tts='铰接式货车'>卡车; 拖车</annotation>

		<!-- fuel pump; fuel; fuelpump; gas; pump; station -->
		<annotation cp='[⛽]' tts='油泵'>加油站; 加油; 燃油</annotation>

		<!-- horizontal traffic light; light; signal; traffic -->
		<annotation cp='[🚥]' tts='横向的红绿灯'>交通灯; 信号灯; 红绿灯</annotation>

		<!-- vertical traffic light; light; signal; traffic -->
		<annotation cp='[🚦]' tts='纵向的红绿灯'>交通灯; 信号灯; 红绿灯</annotation>

		<!-- sailboat; boat; resort; sea; vehicle; yacht -->
		<annotation cp='[⛵]' tts='帆船'>船</annotation>

		<!-- rowboat; boat; vehicle -->
		<annotation cp='[🚣]' tts='划艇'>船</annotation>

		<!-- speedboat; boat; vehicle -->
		<annotation cp='[🚤]' tts='快艇'>船</annotation>

		<!-- motor boat; boat; motorboat; vehicle -->
		<annotation cp='[🛥]' tts='摩托艇'>船</annotation>

		<!-- small airplane; airplane; vehicle -->
		<annotation cp='[🛩]' tts='小型飞机'>飞机</annotation>

		<!-- airplane departure; airplane; check-in; departure; departures; vehicle -->
		<annotation cp='[🛫]' tts='航班起飞'>航班; 起飞; 值机; 登机</annotation>

		<!-- airplane arrival; airplane; arrivals; arriving; landing; vehicle -->
		<annotation cp='[🛬]' tts='航班降落'>航班; 降落</annotation>

		<!-- helicopter; vehicle -->
		<annotation cp='[🚁]' tts='直升机'>直升飞机</annotation>

		<!-- person in bed; hotel; sleep -->
		<annotation cp='[🛌]' tts='躺在床上的人'>宾馆; 入睡</annotation>

		<!-- bed; hotel; sleep -->
		<annotation cp='[🛏]' tts='床'>宾馆</annotation>

		<!-- toilet -->
		<annotation cp='[🚽]' tts='马桶'>卫生间</annotation>

		<!-- person taking bath; bathtub; bath -->
		<annotation cp='[🛀]' tts='盆浴'>洗澡; 浴缸; 澡盆; 浴盆</annotation>

		<!-- bathtub; bath -->
		<annotation cp='[🛁]' tts='澡盆'>洗澡; 浴缸; 浴盆</annotation>

		<!-- hourglass with flowing sand; hourglass; sand; timer -->
		<annotation cp='[⏳]' tts='沙正往下流的沙漏'>沙漏</annotation>

		<!-- watch; clock -->
		<annotation cp='[⌚]' tts='手表'>表</annotation>

		<!-- alarm clock; alarm; clock -->
		<annotation cp='[⏰]' tts='闹钟'>钟</annotation>

		<!-- mantelpiece clock; clock -->
		<annotation cp='[🕰]' tts='座钟'>壁炉钟</annotation>

		<!-- twelve o’clock; 00; 12; 12:00; clock; o’clock; twelve -->
		<annotation cp='[🕛]' tts='十二点'>00; 12; 12:00</annotation>

		<!-- twelve-thirty; 12; 12:30; 30; clock; thirty; twelve -->
		<annotation cp='[🕧]' tts='十二点半'>12; 12:30; 30</annotation>

		<!-- one o’clock; 00; 1; 1:00; clock; o’clock; one -->
		<annotation cp='[🕐]' tts='一点'>00; 1; 1:00</annotation>

		<!-- one-thirty; 1; 1:30; 30; clock; one; thirty -->
		<annotation cp='[🕜]' tts='一点半'>1; 1:30; 30</annotation>

		<!-- two o’clock; 00; 2; 2:00; clock; o’clock; two -->
		<annotation cp='[🕑]' tts='两点'>00; 2; 2:00</annotation>

		<!-- two-thirty; 2; 2:30; 30; clock; thirty; two -->
		<annotation cp='[🕝]' tts='两点半'>2; 2:30; 30</annotation>

		<!-- three o’clock; 00; 3; 3:00; clock; o’clock; three -->
		<annotation cp='[🕒]' tts='三点'>00; 3; 3:00</annotation>

		<!-- three-thirty; 3; 3:30; 30; clock; thirty; three -->
		<annotation cp='[🕞]' tts='三点半'>3; 3:30; 30</annotation>

		<!-- four o’clock; 00; 4; 4:00; clock; four; o’clock -->
		<annotation cp='[🕓]' tts='四点'>00; 4; 4:00</annotation>

		<!-- four-thirty; 30; 4; 4:30; clock; four; thirty -->
		<annotation cp='[🕟]' tts='四点半'>30; 4; 4:30</annotation>

		<!-- five o’clock; 00; 5; 5:00; clock; five; o’clock -->
		<annotation cp='[🕔]' tts='五点'>00; 5; 5:00</annotation>

		<!-- five-thirty; 30; 5; 5:30; clock; five; thirty -->
		<annotation cp='[🕠]' tts='五点半'>30; 5; 5:30</annotation>

		<!-- six o’clock; 00; 6; 6:00; clock; o’clock; six -->
		<annotation cp='[🕕]' tts='六点'>00; 6; 6:00</annotation>

		<!-- six-thirty; 30; 6; 6:30; clock; six; thirty -->
		<annotation cp='[🕡]' tts='六点半'>30; 6; 6:30</annotation>

		<!-- seven o’clock; 00; 7; 7:00; clock; o’clock; seven -->
		<annotation cp='[🕖]' tts='七点'>00; 7; 7:00</annotation>

		<!-- seven-thirty; 30; 7; 7:30; clock; seven; thirty -->
		<annotation cp='[🕢]' tts='七点半'>30; 7; 7:30</annotation>

		<!-- eight o’clock; 00; 8; 8:00; clock; eight; o’clock -->
		<annotation cp='[🕗]' tts='八点'>00; 8; 8:00</annotation>

		<!-- eight-thirty; 30; 8; 8:30; clock; eight; thirty -->
		<annotation cp='[🕣]' tts='八点半'>30; 8; 8:30</annotation>

		<!-- nine o’clock; 00; 9; 9:00; clock; nine; o’clock -->
		<annotation cp='[🕘]' tts='九点'>00; 9; 9:00</annotation>

		<!-- nine-thirty; 30; 9; 9:30; clock; nine; thirty -->
		<annotation cp='[🕤]' tts='九点半'>30; 9; 9:30</annotation>

		<!-- ten o’clock; 00; 10; 10:00; clock; o’clock; ten -->
		<annotation cp='[🕙]' tts='十点'>00; 10; 10:00</annotation>

		<!-- ten-thirty; 10; 10:30; 30; clock; ten; thirty -->
		<annotation cp='[🕥]' tts='十点半'>10; 10:30; 30</annotation>

		<!-- eleven o’clock; 00; 11; 11:00; clock; eleven; o’clock -->
		<annotation cp='[🕚]' tts='十一点'>00; 11; 11:00</annotation>

		<!-- eleven-thirty; 11; 11:30; 30; clock; eleven; thirty -->
		<annotation cp='[🕦]' tts='十一点半'>11; 11:30; 30</annotation>

		<!-- new moon; dark; moon; space; weather -->
		<annotation cp='[🌑]' tts='朔月'>新月; 月亮</annotation>

		<!-- waxing crescent moon; crescent; moon; space; waxing; weather -->
		<annotation cp='[🌒]' tts='娥眉月'>弯月; 眉月; 三日月; 月亮</annotation>

		<!-- first quarter moon; moon; quarter; space; weather -->
		<annotation cp='[🌓]' tts='上弦月'>月亮</annotation>

		<!-- waxing gibbous moon; gibbous; moon; space; waxing; weather -->
		<annotation cp='[🌔]' tts='盈凸月'>月亮</annotation>

		<!-- full moon; full; moon; space; weather -->
		<annotation cp='[🌕]' tts='满月'>望月; 月亮</annotation>

		<!-- waning gibbous moon; gibbous; moon; space; waning; weather -->
		<annotation cp='[🌖]' tts='亏凸月'>月亮</annotation>

		<!-- last quarter moon; moon; quarter; space; weather -->
		<annotation cp='[🌗]' tts='下弦月'>月亮</annotation>

		<!-- waning crescent moon; crescent; moon; space; waning; weather -->
		<annotation cp='[🌘]' tts='残月'>弯月; 亏眉月; 月亮</annotation>

		<!-- crescent moon; crescent; moon; space; weather -->
		<annotation cp='[🌙]' tts='弯月'>娥眉月; 残月; 月亮</annotation>

		<!-- new moon face; face; moon; space; weather -->
		<annotation cp='[🌚]' tts='微笑的朔月'>朔月; 月亮</annotation>

		<!-- first quarter moon with face; face; moon; quarter; space; weather -->
		<annotation cp='[🌛]' tts='微笑的上弦月'>上弦月; 月亮</annotation>

		<!-- last quarter moon with face; face; moon; quarter; space; weather -->
		<annotation cp='[🌜]' tts='微笑的下弦月'>下弦月; 月亮</annotation>

		<!-- sun; bright; rays; space; sunny; weather -->
		<annotation cp='[☀]' tts='太阳'>晴; 晴天</annotation>

		<!-- full moon with face; bright; face; full; moon; space; weather -->
		<annotation cp='[🌝]' tts='微笑的月亮'>满月; 望月; 月亮</annotation>

		<!-- sun with face; bright; face; space; sun; weather -->
		<annotation cp='[🌞]' tts='微笑的太阳'>太阳</annotation>

		<!-- white medium star; star -->
		<annotation cp='[⭐]' tts='星星'>五角星</annotation>

		<!-- glowing star; glittery; glow; shining; sparkle; star -->
		<annotation cp='[🌟]' tts='闪亮的星星'>星星; 闪光; 闪亮</annotation>

		<!-- wind face; blow; cloud; face; weather; wind -->
		<annotation cp='[🌬]' tts='大风'>狂风</annotation>

		<!-- cyclone; dizzy; twister; typhoon; weather -->
		<annotation cp='[🌀]' tts='台风'>晕</annotation>

		<!-- closed umbrella; clothing; rain; umbrella; weather -->
		<annotation cp='[🌂]' tts='收起的伞'>伞; 雨伞</annotation>

		<!-- umbrella; clothing; rain; weather -->
		<annotation cp='[☂]' tts='伞'>雨伞</annotation>

		<!-- high voltage; danger; electric; electricity; lightning; voltage; zap -->
		<annotation cp='[⚡]' tts='高压'>有电; 闪电</annotation>

		<!-- snowman; cold; snow; weather -->
		<annotation cp='[☃]' tts='雪与雪人'>雪; 雪人</annotation>

		<!-- fireworks; celebration -->
		<annotation cp='[🎆]' tts='焰火'>烟花</annotation>

		<!-- sparkler; celebration; fireworks; sparkle -->
		<annotation cp='[🎇]' tts='烟花'>焰火</annotation>

		<!-- sparkles; sparkle; star -->
		<annotation cp='[✨]' tts='闪亮'>闪光; 星星; 闪闪</annotation>

		<!-- party popper; celebration; party; popper; tada -->
		<annotation cp='[🎉]' tts='拉炮彩带'>拉炮; 彩带; 派对</annotation>

		<!-- confetti ball; ball; celebration; confetti -->
		<annotation cp='[🎊]' tts='五彩纸屑'>庆祝</annotation>

		<!-- tanabata tree; banner; celebration; japanese; tree -->
		<annotation cp='[🎋]' tts='七夕'>七夕树</annotation>

		<!-- japanese dolls; celebration; doll; festival; japanese -->
		<annotation cp='[🎎]' tts='日本人偶'>人偶; 娃娃; 日本; 雏祭</annotation>

		<!-- american football; american; ball; football -->
		<annotation cp='[🏈]' tts='美式橄榄球'>美式; 橄榄球</annotation>

		<!-- rugby football; ball; football; rugby -->
		<annotation cp='[🏉]' tts='英式橄榄球'>英式; 橄榄球</annotation>

		<!-- billiards; 8; 8 ball; ball; billiard; eight; game -->
		<annotation cp='[🎱]' tts='台球'>桌球</annotation>

		<!-- golfer; ball; golf -->
		<annotation cp='[🏌]' tts='打高尔夫的人'>高尔夫</annotation>

		<!-- skier; ski; snow -->
		<annotation cp='[⛷]' tts='滑雪的人'>滑雪</annotation>

		<!-- bicyclist; bicycle; bike; cyclist -->
		<annotation cp='[🚴]' tts='骑自行车'>自行车</annotation>

		<!-- mountain biker; bicycle; bicyclist; bike; cyclist; mountain -->
		<annotation cp='[🚵]' tts='骑山地车'>山地车</annotation>

		<!-- direct hit; bull; bullseye; dart; eye; game; hit; target -->
		<annotation cp='[🎯]' tts='正中靶心的飞镖'>飞镖; 命中; 靶心</annotation>

		<!-- video game; controller; game -->
		<annotation cp='[🎮]' tts='游戏手柄'>游戏; 手柄</annotation>

		<!-- joystick; game; video game -->
		<annotation cp='[🕹]' tts='游戏操控杆'>游戏; 操控杆</annotation>

		<!-- game die; dice; die; game -->
		<annotation cp='[🎲]' tts='骰子'>色子</annotation>

		<!-- spade suit; card; game; spade; suit -->
		<annotation cp='[♠]' tts='扑克黑桃'>黑桃; 葵扇; 扑克; 牌</annotation>

		<!-- heart suit; card; game; heart; hearts; suit -->
		<annotation cp='[♥]' tts='扑克红心'>红心; 红桃; 扑克; 牌</annotation>

		<!-- diamond suit; card; diamond; diamonds; game; suit -->
		<annotation cp='[♦]' tts='扑克方片'>方片; 方块; 扑克; 牌</annotation>

		<!-- club suit; card; club; clubs; game; suit -->
		<annotation cp='[♣]' tts='扑克梅花'>黑花; 梅花; 草花; 扑克; 牌</annotation>

		<!-- joker; card; game; playing -->
		<annotation cp='[🃏]' tts='扑克小丑'>小丑; 鬼牌; 大王; 小王; 扑克; 牌</annotation>

		<!-- mahjong red dragon; game; mahjong; red -->
		<annotation cp='[🀄]' tts='麻将红中'>红中; 麻将</annotation>

		<!-- flower playing cards; card; flower; game; japanese; playing -->
		<annotation cp='[🎴]' tts='花札'>花牌; 花斗</annotation>

		<!-- speaker on; low; speaker; volume; wave -->
		<annotation cp='[🔉]' tts='小音量'>扬声器; 音量; 低; 小</annotation>

		<!-- speaker loud; 3; high; loud; speaker; three; volume -->
		<annotation cp='[🔊]' tts='大音量'>扬声器; 音量; 高; 大</annotation>

		<!-- loudspeaker; loud; public address -->
		<annotation cp='[📢]' tts='喇叭'>扩音器</annotation>

		<!-- megaphone; cheering -->
		<annotation cp='[📣]' tts='扩音器'>喇叭</annotation>

		<!-- bell with slash; bell; forbidden; mute; no; not; prohibited; quiet; silent -->
		<annotation cp='[🔕]' tts='禁止响铃'>静音; 禁止; 响铃</annotation>

		<!-- musical score; music; score -->
		<annotation cp='[🎼]' tts='乐谱'>五线谱</annotation>

		<!-- musical notes; music; note; notes -->
		<annotation cp='[🎶]' tts='多个音符'>音符</annotation>

		<!-- studio microphone; mic; microphone; music; studio -->
		<annotation cp='[🎙]' tts='录音室麦克风'>麦克风; 录音室</annotation>

		<!-- microphone; karaoke; mic -->
		<annotation cp='[🎤]' tts='麦克风'>唱歌; 卡拉ok; k歌</annotation>

		<!-- headphone; earbud -->
		<annotation cp='[🎧]' tts='耳机'>耳塞</annotation>

		<!-- saxophone; instrument; music; sax -->
		<annotation cp='[🎷]' tts='萨克斯风'>萨克斯管; 乐器</annotation>

		<!-- guitar; instrument; music -->
		<annotation cp='[🎸]' tts='吉他'>乐器</annotation>

		<!-- musical keyboard; instrument; keyboard; music; piano -->
		<annotation cp='[🎹]' tts='音乐键盘'>钢琴; 乐器</annotation>

		<!-- trumpet; instrument; music -->
		<annotation cp='[🎺]' tts='小号'>乐器</annotation>

		<!-- violin; instrument; music -->
		<annotation cp='[🎻]' tts='小提琴'>乐器</annotation>

		<!-- mobile phone; cell; mobile; phone; telephone -->
		<annotation cp='[📱]' tts='手机'>电话</annotation>

		<!-- mobile phone with arrow; arrow; call; cell; mobile; phone; receive; telephone -->
		<annotation cp='[📲]' tts='带有箭头的手机'>手机; 电话; 接收; 箭头</annotation>

		<!-- telephone receiver; phone; receiver; telephone -->
		<annotation cp='[📞]' tts='听筒'>电话</annotation>

		<!-- fax machine; fax -->
		<annotation cp='[📠]' tts='传真机'>fax; 传真</annotation>

		<!-- electric plug; electric; electricity; plug -->
		<annotation cp='[🔌]' tts='电源插头'>插头; 电源</annotation>

		<!-- laptop computer; computer; pc; personal -->
		<annotation cp='[💻]' tts='笔记本电脑'>笔记本; 电脑; PC; 计算机</annotation>

		<!-- desktop computer; computer; desktop -->
		<annotation cp='[🖥]' tts='台式电脑'>台式; 电脑; PC; 计算机; 显示器; 显示屏</annotation>

		<!-- minidisc; computer; disk; minidisk; optical -->
		<annotation cp='[💽]' tts='迷你光盘'>minidisk; 光盘</annotation>

		<!-- optical disc; dvd; blu-ray; cd; computer; disk; optical -->
		<annotation cp='[💿]' tts='光盘'>光碟; cd; 蓝光</annotation>

		<!-- dvd; blu-ray; cd; computer; disk; optical -->
		<annotation cp='[📀]' tts='DVD'>光盘; 光碟; dvd</annotation>

		<!-- camera with flash; camera; flash; video -->
		<annotation cp='[📸]' tts='带闪光灯的相机'>相机; 闪光灯</annotation>

		<!-- left-pointing magnifying glass; glass; magnifying; search; tool -->
		<annotation cp='[🔍]' tts='左斜的放大镜'>放大镜; 搜索</annotation>

		<!-- right-pointing magnifying glass; glass; magnifying; search; tool -->
		<annotation cp='[🔎]' tts='右斜的放大镜'>放大镜; 搜索</annotation>

		<!-- satellite antenna; antenna; dish; satellite -->
		<annotation cp='[📡]' tts='卫星天线'>天线; 卫星</annotation>

		<!-- notebook with decorative cover; book; cover; decorated; notebook -->
		<annotation cp='[📔]' tts='精装笔记本'>笔记本</annotation>

		<!-- closed book; book; closed -->
		<annotation cp='[📕]' tts='书本'>书; 合上</annotation>

		<!-- open book; book; open -->
		<annotation cp='[📖]' tts='打开的书本'>书; 打开</annotation>

		<!-- green book; book; green -->
		<annotation cp='[📗]' tts='绿色书本'>书; 绿色</annotation>

		<!-- blue book; blue; book -->
		<annotation cp='[📘]' tts='蓝色书本'>书; 蓝色</annotation>

		<!-- orange book; book; orange -->
		<annotation cp='[📙]' tts='橙色书本'>书; 橙色</annotation>

		<!-- page with curl; curl; document; page -->
		<annotation cp='[📃]' tts='纸张'>文档; 文书</annotation>

		<!-- page facing up; document; page -->
		<annotation cp='[📄]' tts='文件'>文档; 文书</annotation>

		<!-- rolled-up newspaper; news; newspaper; paper; rolled -->
		<annotation cp='[🗞]' tts='报纸卷'>报纸</annotation>

		<!-- bookmark tabs; bookmark; mark; marker; tabs -->
		<annotation cp='[📑]' tts='标签'>书签</annotation>

		<!-- bookmark; mark -->
		<annotation cp='[🔖]' tts='书签'>标签</annotation>

		<!-- money bag; bag; dollar; money; moneybag -->
		<annotation cp='[💰]' tts='钱袋'>钱</annotation>

		<!-- yen banknote; bank; banknote; bill; currency; money; note; yen -->
		<annotation cp='[💴]' tts='日元'>纸币; 货币; 钱</annotation>

		<!-- dollar banknote; bank; banknote; bill; currency; dollar; money; note -->
		<annotation cp='[💵]' tts='美元'>美刀; 纸币; 货币; 钱</annotation>

		<!-- euro banknote; bank; banknote; bill; currency; euro; money; note -->
		<annotation cp='[💶]' tts='欧元'>纸币; 货币; 钱</annotation>

		<!-- pound banknote; bank; banknote; bill; currency; money; note; pound -->
		<annotation cp='[💷]' tts='英镑'>纸币; 货币; 钱</annotation>

		<!-- money with wings; bank; banknote; bill; dollar; fly; money; note; wings -->
		<annotation cp='[💸]' tts='长翅膀的钱'>纸币; 钱; 飞; 翅膀</annotation>

		<!-- credit card; bank; card; credit; money -->
		<annotation cp='[💳]' tts='信用卡'>银行卡</annotation>

		<!-- chart increasing with yen; bank; chart; currency; graph; growth; market; money; rise; trend; upward; yen -->
		<annotation cp='[💹]' tts='货币升值图表'>上扬; 走势; 货币</annotation>

		<!-- envelope; e-mail; email -->
		<annotation cp='[✉]' tts='信封'>邮件; 信件</annotation>

		<!-- e-mail; email; letter; mail -->
		<annotation cp='[📧]' tts='邮件'>电子邮件</annotation>

		<!-- closed mailbox with raised flag; closed; mail; mailbox; postbox -->
		<annotation cp='[📫]' tts='有待收信件'>信箱</annotation>

		<!-- closed mailbox with lowered flag; closed; lowered; mail; mailbox; postbox -->
		<annotation cp='[📪]' tts='无待收信件'>信箱</annotation>

		<!-- open mailbox with raised flag; mail; mailbox; open; postbox -->
		<annotation cp='[📬]' tts='有新信件'>信箱</annotation>

		<!-- open mailbox with lowered flag; lowered; mail; mailbox; open; postbox -->
		<annotation cp='[📭]' tts='无新信件'>信箱</annotation>

		<!-- memo; pencil -->
		<annotation cp='[📝]' tts='备忘录'>备注</annotation>

		<!-- calendar; date -->
		<annotation cp='[📅]' tts='日历'>日期</annotation>

		<!-- tear-off calendar; calendar -->
		<annotation cp='[📆]' tts='手撕日历'>日历</annotation>

		<!-- spiral notepad; note; pad; spiral -->
		<annotation cp='[🗒]' tts='线圈本'>记事本; 线圈</annotation>

		<!-- spiral calendar; calendar; pad; spiral -->
		<annotation cp='[🗓]' tts='线圈日历'>日历; 线圈</annotation>

		<!-- chart increasing; chart; graph; growth; trend; upward -->
		<annotation cp='[📈]' tts='上涨图表'>上涨; 上升; 图表</annotation>

		<!-- chart decreasing; chart; down; graph; trend -->
		<annotation cp='[📉]' tts='下跌图表'>下跌; 下降; 图表</annotation>

		<!-- bar chart; bar; chart; graph -->
		<annotation cp='[📊]' tts='柱形图'>条形图; 直方图</annotation>

		<!-- round pushpin; pin; pushpin -->
		<annotation cp='[📍]' tts='圆图钉'>图钉</annotation>

		<!-- paperclip -->
		<annotation cp='[📎]' tts='回形针'>曲别针</annotation>

		<!-- linked paperclips; link; paperclip -->
		<annotation cp='[🖇]' tts='两个回形针'>回形针; 曲别针</annotation>

		<!-- open lock; lock; open; unlock -->
		<annotation cp='[🔓]' tts='打开的锁'>锁; 打开; 开锁</annotation>

		<!-- lock with pen; ink; lock; nib; pen; privacy -->
		<annotation cp='[🔏]' tts='墨水笔和锁'>笔; 锁; 隐私</annotation>

		<!-- closed lock with key; closed; key; lock; secure -->
		<annotation cp='[🔐]' tts='钥匙和锁'>钥匙; 锁; 安全</annotation>

		<!-- old key; clue; key; lock; old -->
		<annotation cp='[🗝]' tts='老式钥匙'>钥匙</annotation>

		<!-- hammer and pick; hammer; pick; tool -->
		<annotation cp='[⚒]' tts='锤子与镐'>锤子; 镐</annotation>

		<!-- hammer and wrench; hammer; tool; wrench -->
		<annotation cp='[🛠]' tts='锤子与扳手'>锤子; 扳手</annotation>

		<!-- nut and bolt; bolt; nut; tool -->
		<annotation cp='[🔩]' tts='螺母与螺栓'>螺丝; 螺钉; 螺母; 螺栓; 螺帽</annotation>

		<!-- link -->
		<annotation cp='[🔗]' tts='链接'>链条</annotation>

		<!-- syringe; doctor; medicine; needle; shot; sick; tool -->
		<annotation cp='[💉]' tts='注射器'>打针</annotation>

		<!-- pill; doctor; medicine; sick -->
		<annotation cp='[💊]' tts='药丸'>胶囊; 吃药</annotation>

		<!-- kitchen knife; cooking; hocho; knife; tool; weapon -->
		<annotation cp='[🔪]' tts='菜刀'>刀</annotation>

		<!-- crossed swords; crossed; swords; weapon -->
		<annotation cp='[⚔]' tts='双剑'>剑</annotation>

		<!-- pistol; gun; handgun; revolver; tool; weapon -->
		<annotation cp='[🔫]' tts='手枪'>枪; 左轮</annotation>

		<!-- shield; weapon -->
		<annotation cp='[🛡]' tts='盾牌'>盾</annotation>

		<!-- chequered flag; checkered; chequered; racing -->
		<annotation cp='[🏁]' tts='终点旗'>格子旗</annotation>

		<!-- funeral urn; death; funeral; urn -->
		<annotation cp='[⚱]' tts='骨灰缸'>骨灰罐</annotation>

		<!-- moai; face; moyai; statue -->
		<annotation cp='[🗿]' tts='摩艾石像'>复活节岛; 摩艾; 摩埃; 毛埃</annotation>

		<!-- oil drum; drum; oil -->
		<annotation cp='[🛢]' tts='石油桶'>石油; 桶</annotation>

		<!-- ATM sign; atm; automated; bank; teller -->
		<annotation cp='[🏧]' tts='取款机'>提款机; 柜员机; ATM; ATM机</annotation>

		<!-- litter in bin sign; litter; litterbox -->
		<annotation cp='[🚮]' tts='垃圾桶'>垃圾丢弃处</annotation>

		<!-- wheelchair; access -->
		<annotation cp='[♿]' tts='轮椅'>残疾; 残障; 无障碍</annotation>

		<!-- men’s room; lavatory; man; restroom; wc -->
		<annotation cp='[🚹]' tts='男厕'>男士; 洗手间; 卫生间; 厕所</annotation>

		<!-- women’s room; lavatory; restroom; wc; woman -->
		<annotation cp='[🚺]' tts='女厕'>女士; 洗手间; 卫生间; 厕所</annotation>

		<!-- restroom; lavatory; wc -->
		<annotation cp='[🚻]' tts='卫生间'>洗手间; 厕所</annotation>

		<!-- baby symbol; baby; changing -->
		<annotation cp='[🚼]' tts='宝宝'>婴儿</annotation>

		<!-- water closet; closet; lavatory; restroom; water; wc -->
		<annotation cp='[🚾]' tts='厕所'>卫生间; 盥洗室</annotation>

		<!-- baggage claim; baggage; claim -->
		<annotation cp='[🛄]' tts='提取行李'>行李; 提取</annotation>

		<!-- left luggage; baggage; locker; luggage -->
		<annotation cp='[🛅]' tts='寄存行李'>行李; 寄存</annotation>

		<!-- no entry; entry; forbidden; no; not; prohibited; traffic -->
		<annotation cp='[⛔]' tts='禁止通行'>禁行; 禁止入内</annotation>

		<!-- prohibited; entry; forbidden; no; not -->
		<annotation cp='[🚫]' tts='禁止'>禁行</annotation>

		<!-- up arrow; arrow; cardinal; direction; north -->
		<annotation cp='[⬆]' tts='向上箭头'>箭头; 上; 北</annotation>

		<!-- up-right arrow; arrow; direction; intercardinal; northeast -->
		<annotation cp='[↗]' tts='右上箭头'>箭头; 右上; 东北</annotation>

		<!-- right arrow; arrow; cardinal; direction; east -->
		<annotation cp='[➡]' tts='向右箭头'>箭头; 右; 东</annotation>

		<!-- down-right arrow; arrow; direction; intercardinal; southeast -->
		<annotation cp='[↘]' tts='右下箭头'>箭头; 右下; 东南</annotation>

		<!-- down arrow; arrow; cardinal; direction; down; south -->
		<annotation cp='[⬇]' tts='向下箭头'>箭头; 下; 南</annotation>

		<!-- down-left arrow; arrow; direction; intercardinal; southwest -->
		<annotation cp='[↙]' tts='左下箭头'>箭头; 左下; 西南</annotation>

		<!-- left arrow; arrow; cardinal; direction; west -->
		<annotation cp='[⬅]' tts='向左箭头'>箭头; 左; 西</annotation>

		<!-- up-left arrow; arrow; direction; intercardinal; northwest -->
		<annotation cp='[↖]' tts='左上箭头'>箭头; 左上; 西北</annotation>

		<!-- up-down arrow; arrow -->
		<annotation cp='[↕]' tts='上下箭头'>箭头; 上下</annotation>

		<!-- left-right arrow; arrow -->
		<annotation cp='[↔]' tts='左右箭头'>箭头; 左右</annotation>

		<!-- right arrow curving left; arrow -->
		<annotation cp='[↩]' tts='右转弯箭头'>箭头; 右转弯</annotation>

		<!-- left arrow curving right; arrow -->
		<annotation cp='[↪]' tts='左转弯箭头'>箭头; 左转弯</annotation>

		<!-- right arrow curving up; arrow -->
		<annotation cp='[⤴]' tts='右上弯箭头'>箭头; 右上弯</annotation>

		<!-- right arrow curving down; arrow; down -->
		<annotation cp='[⤵]' tts='右下弯箭头'>箭头; 右下弯</annotation>

		<!-- clockwise vertical arrows; arrow; clockwise; reload -->
		<annotation cp='[🔃]' tts='顺时针箭头'>箭头; 顺时针</annotation>

		<!-- anticlockwise arrows button; anticlockwise; arrow; counterclockwise; withershins -->
		<annotation cp='[🔄]' tts='逆时针箭头'>箭头; 逆时针</annotation>

		<!-- back arrow; arrow; back -->
		<annotation cp='[🔙]' tts='返回'>回退</annotation>

		<!-- on! arrow; arrow; mark; on -->
		<annotation cp='[🔛]' tts='ON'>开始</annotation>

		<!-- place of worship; religion; worship -->
		<annotation cp='[🛐]' tts='宗教场所'>宗教; 祈祷</annotation>

		<!-- recycling symbol; recycle -->
		<annotation cp='[♻]' tts='回收'>循环</annotation>

		<!-- name badge; badge; name -->
		<annotation cp='[📛]' tts='名牌'>胸牌</annotation>

		<!-- fleur-de-lis -->
		<annotation cp='[⚜]' tts='百合花饰'>鸢尾花</annotation>

		<!-- heavy large circle; circle; o -->
		<annotation cp='[⭕]' tts='大圆圈'>圆圈</annotation>

		<!-- white heavy check mark; check; mark -->
		<annotation cp='[✅]' tts='空心对勾'>对勾</annotation>

		<!-- ballot box with check; ballot; box; check -->
		<annotation cp='[☑]' tts='勾选框'>对勾; 勾选; 框</annotation>

		<!-- heavy multiplication x; cancel; multiplication; multiply; x -->
		<annotation cp='[✖]' tts='乘号'>取消; 乘; x</annotation>

		<!-- cross mark; cancel; mark; multiplication; multiply; x -->
		<annotation cp='[❌]' tts='叉'>取消; x</annotation>

		<!-- cross mark button; mark; square -->
		<annotation cp='[❎]' tts='叉符号按钮'>叉</annotation>

		<!-- heavy plus sign; math; plus -->
		<annotation cp='[➕]' tts='加号'>加</annotation>

		<!-- heavy minus sign; math; minus -->
		<annotation cp='[➖]' tts='减号'>减</annotation>

		<!-- heavy division sign; division; math -->
		<annotation cp='[➗]' tts='除号'>除</annotation>

		<!-- curly loop; curl; loop -->
		<annotation cp='[➰]' tts='日本单环标志'>单环</annotation>

		<!-- double curly loop; curl; double; loop -->
		<annotation cp='[➿]' tts='日本免费电话标志'>免费电话</annotation>

		<!-- part alternation mark; mark; part -->
		<annotation cp='[〽]' tts='庵点'>开始歌唱; 歌记号</annotation>

		<!-- heavy dollar sign; currency; dollar; money -->
		<annotation cp='[💲]' tts='美元符号'>美元; 美刀; 货币</annotation>

		<!-- white question mark; mark; outlined; punctuation; question -->
		<annotation cp='[❔]' tts='空心问号'>问号</annotation>

		<!-- white exclamation mark; exclamation; mark; outlined; punctuation -->
		<annotation cp='[❕]' tts='空心叹号'>叹号</annotation>

		<!-- aries; ram; zodiac -->
		<annotation cp='[♈]' tts='白羊座'>牡羊座</annotation>

		<!-- virgo; maiden; virgin; zodiac -->
		<annotation cp='[♍]' tts='处女座'>室女座</annotation>

		<!-- dim button; brightness; dim; low -->
		<annotation cp='[🔅]' tts='低亮度'>亮度; 低</annotation>

		<!-- bright button; bright; brightness -->
		<annotation cp='[🔆]' tts='高亮度'>亮度; 高</annotation>

		<!-- antenna bars; antenna; bar; cell; mobile; phone; signal; telephone -->
		<annotation cp='[📶]' tts='信号栏'>信号; 强度</annotation>

		<!-- no mobile phones; cell; forbidden; mobile; no; not; phone; prohibited; telephone -->
		<annotation cp='[📵]' tts='禁止使用手机'>禁止; 手机; 电话</annotation>

		<!-- mobile phone off; cell; mobile; off; phone; telephone -->
		<annotation cp='[📴]' tts='关闭手机'>关机</annotation>

		<!-- no one under eighteen; 18; age restriction; eighteen; forbidden; no; not; prohibited; underage -->
		<annotation cp='[🔞]' tts='18禁'>未成年人不宜; 儿童不宜</annotation>

		<!-- input latin uppercase; input; latin; letters; uppercase -->
		<annotation cp='[🔠]' tts='大写字母键'>大写字母</annotation>

		<!-- input latin lowercase; abcd; input; latin; letters; lowercase -->
		<annotation cp='[🔡]' tts='小写字母键'>小写字母</annotation>

		<!-- input latin letters; abc; alphabet; input; latin; letters -->
		<annotation cp='[🔤]' tts='拉丁字母键'>拉丁字母</annotation>

		<!-- squared ok; ok -->
		<annotation cp='[🆗]' tts='ok按钮'>OK</annotation>

		<!-- squared sos; help; sos -->
		<annotation cp='[🆘]' tts='SOS'>救命; sos</annotation>

		<!-- squared vs; versus; vs -->
		<annotation cp='[🆚]' tts='VS'>vs</annotation>
	</annotations>
</ldml>