<?xml version='1.0' encoding='UTF-8' ?>
<!DOCTYPE ldml SYSTEM '../../common/dtd/ldml.dtd'>
<!--	© 1991-2015 Unicode, Inc.
	Unicode and the Unicode Logo are registered trademarks of Unicode, Inc. in the U.S. and other countries.
	For terms of use, see http://www.unicode.org/copyright.html
	CLDR data files are interpreted according to the LDML specification (http://unicode.org/reports/tr35/)

	DO NOT CHANGE MANUALLY! Generated by: GenerateOtherAnnotations
 -->
<ldml>
	<identity>
		<version number="$Revision: 12320 $"/>
		<language type='zh'/>
		<script type='Hant'/>
	</identity>
	<annotations>

		<!-- grinning face; face; grin -->
		<annotation cp='[😀]' tts='笑臉'>微笑</annotation>

		<!-- grinning face with smiling eyes; eye; face; grin; smile -->
		<annotation cp='[😁]' tts='嘻嘻'>笑臉; 露齒而笑</annotation>

		<!-- face with tears of joy; face; joy; laugh; tear -->
		<annotation cp='[😂]' tts='感動'>喜極而泣</annotation>

		<!-- smiling face with open mouth; face; mouth; open; smile -->
		<annotation cp='[😃]' tts='大笑'>呵呵; 笑臉; 哈哈</annotation>

		<!-- smiling face with open mouth and smiling eyes; eye; face; mouth; open; smile -->
		<annotation cp='[😄]' tts='呵呵'>笑臉; 哈哈</annotation>

		<!-- smiling face with open mouth and cold sweat; cold; face; open; smile; sweat -->
		<annotation cp='[😅]' tts='汗'>苦笑</annotation>

		<!-- smiling face with open mouth and tightly-closed eyes; face; laugh; mouth; open; satisfied; smile -->
		<annotation cp='[😆]' tts='狂笑'>哈哈; 呵呵; 笑臉</annotation>

		<!-- smiling face with smiling eyes; blush; eye; face; smile -->
		<annotation cp='[😊]' tts='微笑'>笑臉</annotation>

		<!-- face savouring delicious food; delicious; face; savouring; smile; um; yum -->
		<annotation cp='[😋]' tts='口水'>好吃</annotation>

		<!-- smiling face with sunglasses; bright; cool; eye; eyewear; face; glasses; smile; sun; sunglasses; weather -->
		<annotation cp='[😎]' tts='墨鏡'>酷</annotation>

		<!-- smiling face with heart-shaped eyes; eye; face; heart; love; smile -->
		<annotation cp='[😍]' tts='花痴'>心花怒放</annotation>

		<!-- face throwing a kiss; face; heart; kiss -->
		<annotation cp='[😘]' tts='親親飛吻'>親親; 飛吻</annotation>

		<!-- kissing face with smiling eyes; eye; face; kiss; smile -->
		<annotation cp='[😙]' tts='笑臉親親'>親親</annotation>

		<!-- kissing face with closed eyes; closed; eye; face; kiss -->
		<annotation cp='[😚]' tts='瞇眼親親'>親親</annotation>

		<!-- smiling face; face; outlined; relaxed; smile -->
		<annotation cp='[☺]' tts='輕鬆笑臉'>放鬆一笑</annotation>

		<!-- slightly smiling face; face; smile -->
		<annotation cp='[🙂]' tts='呆呆笑'>笑臉</annotation>

		<!-- hugging face; face; hug; hugging -->
		<annotation cp='[🤗]' tts='抱抱'>擁抱</annotation>

		<!-- smiling face with halo; angel; face; fairy tale; fantasy; halo; innocent; smile -->
		<annotation cp='[😇]' tts='天使笑臉'>純真笑臉</annotation>

		<!-- face with rolling eyes; eyes; face; rolling -->
		<annotation cp='[🙄]' tts='翻白眼'>鄙視; 不屑</annotation>

		<!-- smirking face; face; smirk -->
		<annotation cp='[😏]' tts='冷笑'>假笑</annotation>

		<!-- persevering face; face; persevere -->
		<annotation cp='[😣]' tts='痛苦'>忍痛中</annotation>

		<!-- disappointed but relieved face; disappointed; face; relieved; whew -->
		<annotation cp='[😥]' tts='流汗'>沮喪; 鬆了口氣</annotation>

		<!-- face with open mouth; face; mouth; open; sympathy -->
		<annotation cp='[😮]' tts='驚訝'>啊</annotation>

		<!-- zipper-mouth face; face; mouth; zipper -->
		<annotation cp='[🤐]' tts='閉嘴'>嘴上拉鍊</annotation>

		<!-- hushed face; face; hushed; stunned; surprised -->
		<annotation cp='[😯]' tts='哦'>驚訝</annotation>

		<!-- sleepy face; face; sleep -->
		<annotation cp='[😪]' tts='睏'>打瞌睡</annotation>

		<!-- tired face; face; tired -->
		<annotation cp='[😫]' tts='累'>嘆氣; 疲憊; 疲勞</annotation>

		<!-- sleeping face; face; sleep; zzz -->
		<annotation cp='[😴]' tts='睡著了'>打呼</annotation>

		<!-- relieved face; face; relieved -->
		<annotation cp='[😌]' tts='鬆了口氣'>放鬆</annotation>

		<!-- nerd face; face; geek; nerd -->
		<annotation cp='[🤓]' tts='搞怪'>怪人; 當阿宅</annotation>

		<!-- face with stuck-out tongue; face; tongue -->
		<annotation cp='[😛]' tts='嘿嘿'>吐舌頭</annotation>

		<!-- face with stuck-out tongue and winking eye; eye; face; joke; tongue; wink -->
		<annotation cp='[😜]' tts='吐舌頭'>嘿嘿; </annotation>

		<!-- face with stuck-out tongue and tightly-closed eyes; eye; face; horrible; taste; tongue -->
		<annotation cp='[😝]' tts='眨眼吐舌頭'>嘿嘿; 吐舌頭</annotation>

		<!-- frowning face; face; frown -->
		<annotation cp='[☹]' tts='不滿意'>皺眉; 不爽</annotation>

		<!-- slightly frowning face; face; frown -->
		<annotation cp='[🙁]' tts='不開心'>壞心情</annotation>

		<!-- unamused face; face; unamused; unhappy -->
		<annotation cp='[😒]' tts='不高興'>不開心</annotation>

		<!-- pensive face; dejected; face; pensive -->
		<annotation cp='[😔]' tts='沉思'>思考</annotation>

		<!-- confused face; confused; face -->
		<annotation cp='[😕]' tts='困擾'>面有難色</annotation>

		<!-- confounded face; confounded; face -->
		<annotation cp='[😖]' tts='困惑'>焦頭爛額</annotation>

		<!-- upside-down face; face; upside-down -->
		<annotation cp='[🙃]' tts='顛倒臉'>臉上下顛倒</annotation>

		<!-- face with medical mask; cold; doctor; face; mask; medicine; sick -->
		<annotation cp='[😷]' tts='口罩'>生病</annotation>

		<!-- face with thermometer; face; ill; sick; thermometer -->
		<annotation cp='[🤒]' tts='含溫度計'>生病</annotation>

		<!-- face with head-bandage; bandage; face; hurt; injury -->
		<annotation cp='[🤕]' tts='包繃帶'>受傷</annotation>

		<!-- money-mouth face; face; money; mouth -->
		<annotation cp='[🤑]' tts='發財'>見錢眼開</annotation>

		<!-- astonished face; astonished; face; shocked; totally -->
		<annotation cp='[😲]' tts='震驚'>驚</annotation>

		<!-- disappointed face; disappointed; face -->
		<annotation cp='[😞]' tts='失望'>沮喪</annotation>

		<!-- worried face; face; worried -->
		<annotation cp='[😟]' tts='擔心'>憂心忡忡</annotation>

		<!-- face with steam from nose; face; triumph; won -->
		<annotation cp='[😤]' tts='傲慢'>揚眉吐氣</annotation>

		<!-- crying face; cry; face; sad; tear -->
		<annotation cp='[😢]' tts='淚'>哭臉</annotation>

		<!-- loudly crying face; cry; face; sad; sob; tear -->
		<annotation cp='[😭]' tts='哭'>淚; 哭臉</annotation>

		<!-- frowning face with open mouth; face; frown; mouth; open -->
		<annotation cp='[😦]' tts='啊'>目瞪口呆</annotation>

		<!-- anguished face; anguished; face -->
		<annotation cp='[😧]' tts='痛'>難受</annotation>

		<!-- fearful face; face; fear; fearful; scared -->
		<annotation cp='[😨]' tts='可怕'>害怕</annotation>

		<!-- weary face; face; tired; weary -->
		<annotation cp='[😩]' tts='唉!'>累; 疲憊; 疲勞</annotation>

		<!-- grimacing face; face; grimace -->
		<annotation cp='[😬]' tts='咬牙'>咬牙切齒</annotation>

		<!-- face with open mouth and cold sweat; blue; cold; face; mouth; open; rushed; sweat -->
		<annotation cp='[😰]' tts='冒汗'>面有菜色</annotation>

		<!-- face screaming in fear; face; fear; fearful; munch; scared; scream -->
		<annotation cp='[😱]' tts='嚇死了'>恐怖</annotation>

		<!-- flushed face; dazed; face; flushed -->
		<annotation cp='[😳]' tts='愛慕'>害羞</annotation>

		<!-- pouting face; angry; face; mad; pouting; rage; red -->
		<annotation cp='[😡]' tts='生氣'>怒; 發飆; 發火</annotation>

		<!-- angry face; angry; face; mad -->
		<annotation cp='[😠]' tts='不爽'>生氣</annotation>

		<!-- smiling face with horns; face; fairy tale; fantasy; horns; smile -->
		<annotation cp='[😈]' tts='惡魔的笑'>邪惡的笑</annotation>

		<!-- skull and crossbones; body; crossbones; death; face; monster; skull -->
		<annotation cp='[☠]' tts='交叉骷髏頭'>骷髏頭</annotation>

		<!-- ghost; creature; face; fairy tale; fantasy; monster -->
		<annotation cp='[👻]' tts='鬼'>幽靈</annotation>

		<!-- alien; creature; extraterrestrial; face; fairy tale; fantasy; monster; space; ufo -->
		<annotation cp='[👽]' tts='外星人'>ET</annotation>

		<!-- alien monster; alien; creature; extraterrestrial; face; fairy tale; fantasy; monster; space; ufo -->
		<annotation cp='[👾]' tts='怪物'>外星怪物</annotation>

		<!-- pile of poo; comic; dung; face; monster; poo; poop -->
		<annotation cp='[💩]' tts='大便'>便便</annotation>

		<!-- smiling cat face with open mouth; cat; face; mouth; open; smile -->
		<annotation cp='[😺]' tts='哈哈'>呵呵; 笑臉</annotation>

		<!-- grinning cat face with smiling eyes; cat; eye; face; grin; smile -->
		<annotation cp='[😸]' tts='微笑的貓臉'>笑臉</annotation>

		<!-- cat face with tears of joy; cat; face; joy; tear -->
		<annotation cp='[😹]' tts='感動的貓臉'>喜極而泣</annotation>

		<!-- smiling cat face with heart-shaped eyes; cat; eye; face; heart; love; smile -->
		<annotation cp='[😻]' tts='花痴的貓臉'>心花怒放</annotation>

		<!-- kissing cat face with closed eyes; cat; eye; face; kiss -->
		<annotation cp='[😽]' tts='親親的貓臉'>親親</annotation>

		<!-- weary cat face; cat; face; oh; surprised; weary -->
		<annotation cp='[🙀]' tts='累的貓臉'>累; 疲憊; 疲勞</annotation>

		<!-- crying cat face; cat; cry; face; sad; tear -->
		<annotation cp='[😿]' tts='哭的貓臉'>哭; 淚; 哭臉</annotation>

		<!-- pouting cat face; cat; face; pouting -->
		<annotation cp='[😾]' tts='生氣的貓臉'>怒; 生氣; 發飆; 發火</annotation>

		<!-- see-no-evil; evil; face; forbidden; gesture; monkey; no; not; prohibited; see -->
		<annotation cp='[🙈]' tts='非禮勿視'>遮眼; 不看</annotation>

		<!-- hear-no-evil; evil; face; forbidden; gesture; hear; monkey; no; not; prohibited -->
		<annotation cp='[🙉]' tts='非禮勿聽'>遮耳; 不聽</annotation>

		<!-- speak-no-evil; evil; face; forbidden; gesture; monkey; no; not; prohibited; speak -->
		<annotation cp='[🙊]' tts='非禮勿言'>摀嘴</annotation>

		<!-- old man; man; old -->
		<annotation cp='[👴]' tts='老爺爺'>老頭</annotation>

		<!-- old woman; old; woman -->
		<annotation cp='[👵]' tts='老奶奶'>老太太; 老太</annotation>

		<!-- baby -->
		<annotation cp='[👶]' tts='小寶寶'>小嬰兒</annotation>

		<!-- person with blond hair; blond -->
		<annotation cp='[👱]' tts='金髮人'>金髮</annotation>

		<!-- police officer; cop; officer; police -->
		<annotation cp='[👮]' tts='警察'>警官</annotation>

		<!-- man with chinese cap; gua pi mao; hat; man -->
		<annotation cp='[👲]' tts='戴瓜皮帽的人'>師爺; 員外</annotation>

		<!-- man with turban; man; turban -->
		<annotation cp='[👳]' tts='戴頭巾的人'>纏頭巾</annotation>

		<!-- santa claus; celebration; christmas; fairy tale; fantasy; father; santa -->
		<annotation cp='[🎅]' tts='聖誕老人'>聖誕老公公</annotation>

		<!-- face massage; massage; salon -->
		<annotation cp='[💆]' tts='按摩'>馬殺雞</annotation>

		<!-- haircut; barber; beauty; parlor -->
		<annotation cp='[💇]' tts='理髮'>剪頭髮</annotation>

		<!-- person pouting; gesture; pouting -->
		<annotation cp='[🙎]' tts='生氣的人'>生氣</annotation>

		<!-- gesturing no; forbidden; gesture; hand; no; not; prohibited -->
		<annotation cp='[🙅]' tts='不行'>NG</annotation>

		<!-- gesturing ok; gesture; hand; ok -->
		<annotation cp='[🙆]' tts='可以'>OK</annotation>

		<!-- information desk person; hand; help; information; sassy -->
		<annotation cp='[💁]' tts='服務台人員'>服務員; 俏皮</annotation>

		<!-- happy person raising hand; gesture; hand; happy; raised -->
		<annotation cp='[🙋]' tts='嗨'>舉手</annotation>

		<!-- person bowing; apology; bow; gesture; sorry -->
		<annotation cp='[🙇]' tts='鞠躬'>抱歉; 不好意思</annotation>

		<!-- person raising hands; body; celebration; gesture; hand; hooray; raised -->
		<annotation cp='[🙌]' tts='歡呼'>舉雙手</annotation>

		<!-- folded hands; ask; body; bow; folded; gesture; hand; please; pray; thanks -->
		<annotation cp='[🙏]' tts='阿彌陀佛'>雙手合一</annotation>

		<!-- speaking head; face; head; silhouette; speak; speaking -->
		<annotation cp='[🗣]' tts='說話的人影'>說話</annotation>

		<!-- pedestrian; hike; walk; walking -->
		<annotation cp='[🚶]' tts='行人'>路人</annotation>

		<!-- runner; marathon; running -->
		<annotation cp='[🏃]' tts='跑者'>跑馬拉松; 跑步</annotation>

		<!-- dancer -->
		<annotation cp='[💃]' tts='舞者'>跳舞</annotation>

		<!-- man in business suit levitating; business; man; suit -->
		<annotation cp='[🕴]' tts='穿西裝的人'>穿著正式</annotation>

		<!-- kiss; couple; romance -->
		<annotation cp='[💏]' tts='親'>接吻</annotation>

		<!-- family; child; father; mother -->
		<annotation cp='[👪]' tts='家庭'>親子</annotation>

		<!-- man and woman holding hands; couple; hand; hold; man; woman -->
		<annotation cp='[👫]' tts='一男一女'>一男一女手拉手; 手拉手</annotation>

		<!-- two men holding hands; couple; gemini; hand; hold; man; twins; zodiac -->
		<annotation cp='[👬]' tts='兩個男人'>兩個男人手拉手; 手拉手</annotation>

		<!-- two women holding hands; couple; hand; hold; woman -->
		<annotation cp='[👭]' tts='兩個女人'>兩個女人手拉手; 手拉手</annotation>

		<!-- skin type-1-2; emoji modifier; fitzpatrick; skin; tone -->
		<annotation cp='[🏻]' tts='白皮膚'>膚色</annotation>

		<!-- skin type-3; emoji modifier; fitzpatrick; skin; tone -->
		<annotation cp='[🏼]' tts='黃皮膚'>膚色</annotation>

		<!-- skin type-4; emoji modifier; fitzpatrick; skin; tone -->
		<annotation cp='[🏽]' tts='淺褐皮膚'>膚色</annotation>

		<!-- skin type-5; emoji modifier; fitzpatrick; skin; tone -->
		<annotation cp='[🏾]' tts='褐皮膚'>膚色</annotation>

		<!-- skin type-6; emoji modifier; fitzpatrick; skin; tone -->
		<annotation cp='[🏿]' tts='黑皮膚'>膚色</annotation>

		<!-- flexed biceps; biceps; body; comic; flex; muscle -->
		<annotation cp='[💪]' tts='肌肉'>二頭肌; 強壯</annotation>

		<!-- backhand index pointing left; backhand; body; finger; hand; index; point -->
		<annotation cp='[👈]' tts='左'>指; 手</annotation>

		<!-- backhand index pointing right; backhand; body; finger; hand; index; point -->
		<annotation cp='[👉]' tts='右'>指; 手</annotation>

		<!-- index pointing up; body; finger; hand; index; point; up -->
		<annotation cp='[☝]' tts='注意'>提示</annotation>

		<!-- backhand index pointing up; backhand; body; finger; hand; index; point; up -->
		<annotation cp='[👆]' tts='上'>指; 手</annotation>

		<!-- middle finger; body; finger; hand -->
		<annotation cp='[🖕]' tts='中指'>比中指</annotation>

		<!-- backhand index pointing down; backhand; body; down; finger; hand; index; point -->
		<annotation cp='[👇]' tts='下'>指; 手</annotation>

		<!-- victory hand; body; hand; v; victory -->
		<annotation cp='[✌]' tts='勝利'>耶</annotation>

		<!-- vulcan salute; body; finger; hand; spock; vulcan -->
		<annotation cp='[🖖]' tts='你好'>瓦肯式敬禮</annotation>

		<!-- sign of the horns; body; finger; hand; horns; rock-on -->
		<annotation cp='[🤘]' tts='ROCK'>搖滾精神</annotation>

		<!-- raised hand with fingers splayed; body; finger; hand; splayed -->
		<annotation cp='[🖐]' tts='停止'>對外張開五指</annotation>

		<!-- raised hand; body; hand -->
		<annotation cp='[✋]' tts='舉手'>招手</annotation>

		<!-- thumbs up; +1; body; hand; thumb; up -->
		<annotation cp='[👍]' tts='讚'>好棒</annotation>

		<!-- thumbs down; -1; body; down; hand; thumb -->
		<annotation cp='[👎]' tts='遜'>好爛</annotation>

		<!-- oncoming fist; body; clenched; fist; hand; punch -->
		<annotation cp='[👊]' tts='出拳'>拳頭</annotation>

		<!-- waving hand; body; hand; wave; waving -->
		<annotation cp='[👋]' tts='揮手'>手</annotation>

		<!-- clapping hands; body; clap; hand -->
		<annotation cp='[👏]' tts='鼓掌'>拍手</annotation>

		<!-- open hands; body; hand; open -->
		<annotation cp='[👐]' tts='攤開手'>雙手; 手</annotation>

		<!-- writing hand; body; hand; write -->
		<annotation cp='[✍]' tts='寫'>書寫; 記錄</annotation>

		<!-- nail polish; body; care; cosmetics; manicure; nail; polish -->
		<annotation cp='[💅]' tts='指甲油'>美甲</annotation>

		<!-- ear; body -->
		<annotation cp='[👂]' tts='耳朵'>身體部位</annotation>

		<!-- nose; body -->
		<annotation cp='[👃]' tts='鼻子'>身體部位</annotation>

		<!-- footprints; body; clothing; footprint; print -->
		<annotation cp='[👣]' tts='腳印'>足跡</annotation>

		<!-- eyes; body; eye; face -->
		<annotation cp='[👀]' tts='雙眼'>身體部位</annotation>

		<!-- eye; body -->
		<annotation cp='[👁]' tts='眼睛'>身體部位</annotation>

		<!-- tongue; body -->
		<annotation cp='[👅]' tts='舌頭'>身體部位</annotation>

		<!-- mouth; body; lips -->
		<annotation cp='[👄]' tts='嘴巴'>身體部位</annotation>

		<!-- kiss mark; heart; kiss; lips; mark; romance -->
		<annotation cp='[💋]' tts='唇印'>親親</annotation>

		<!-- heart with arrow; arrow; cupid; heart; romance -->
		<annotation cp='[💘]' tts='丘比特'>戀愛; 愛</annotation>

		<!-- red heart; heart -->
		<annotation cp='[❤]' tts='愛心'>心型</annotation>

		<!-- beating heart; beating; heart; heartbeat; pulsating -->
		<annotation cp='[💓]' tts='心跳'>心; 愛</annotation>

		<!-- broken heart; break; broken; heart -->
		<annotation cp='[💔]' tts='心碎'>破碎的心</annotation>

		<!-- two hearts; heart; love -->
		<annotation cp='[💕]' tts='心心相印'>相愛</annotation>

		<!-- sparkling heart; excited; heart; sparkle -->
		<annotation cp='[💖]' tts='開心'>放閃</annotation>

		<!-- growing heart; excited; growing; heart; heartpulse; nervous -->
		<annotation cp='[💗]' tts='心動'>心撲通跳</annotation>

		<!-- blue heart; blue; heart -->
		<annotation cp='[💙]' tts='藍心'>心型</annotation>

		<!-- green heart; green; heart -->
		<annotation cp='[💚]' tts='綠心'>心型</annotation>

		<!-- yellow heart; heart; yellow -->
		<annotation cp='[💛]' tts='黃心'>心型</annotation>

		<!-- purple heart; heart; purple -->
		<annotation cp='[💜]' tts='紫心'>心型</annotation>

		<!-- heart with ribbon; heart; ribbon; valentine -->
		<annotation cp='[💝]' tts='愛的禮物'>送你一顆心</annotation>

		<!-- revolving hearts; heart; revolving -->
		<annotation cp='[💞]' tts='心之舞'>舞動的心</annotation>

		<!-- heart decoration; heart -->
		<annotation cp='[💟]' tts='心在框框裏'>心型</annotation>

		<!-- heavy heart exclamation mark ornament; exclamation; heart; mark; punctuation -->
		<annotation cp='[❣]' tts='心嘆號'>心型驚嘆號</annotation>

		<!-- zzz; comic; sleep -->
		<annotation cp='[💤]' tts='睡著'>睡了; 打呼</annotation>

		<!-- anger symbol; angry; comic; mad -->
		<annotation cp='[💢]' tts='怒'>爆青筋; 火大</annotation>

		<!-- bomb; comic -->
		<annotation cp='[💣]' tts='炸彈'>雷區; 地雷</annotation>

		<!-- collision; boom; comic -->
		<annotation cp='[💥]' tts='碰撞'>引爆</annotation>

		<!-- sweat droplets; comic; splashing; sweat -->
		<annotation cp='[💦]' tts='出汗'>汗</annotation>

		<!-- dashing; comic; dash; running -->
		<annotation cp='[💨]' tts='揚塵而去'>放屁</annotation>

		<!-- dizzy; comic; star -->
		<annotation cp='[💫]' tts='暈頭轉向'>頭暈目眩</annotation>

		<!-- left speech bubble; dialog; speech -->
		<annotation cp='[🗨]' tts='黑色對話框'>對話框</annotation>

		<!-- right anger bubble; angry; balloon; bubble; mad -->
		<annotation cp='[🗯]' tts='爆炸對話框'>對話框</annotation>

		<!-- thought balloon; balloon; bubble; comic; thought -->
		<annotation cp='[💭]' tts='心聲對話框'>對話框</annotation>

		<!-- hole -->
		<annotation cp='[🕳]' tts='洞'>坑洞</annotation>

		<!-- sunglasses; dark; eye; eyewear; glasses -->
		<annotation cp='[🕶]' tts='太陽眼鏡'>墨鏡</annotation>

		<!-- t-shirt; clothing; shirt; tshirt -->
		<annotation cp='[👕]' tts='T卹'>襯衫</annotation>

		<!-- jeans; clothing; pants; trousers -->
		<annotation cp='[👖]' tts='牛仔褲'>褲子</annotation>

		<!-- bikini; clothing; swim -->
		<annotation cp='[👙]' tts='比基尼'>三點式</annotation>

		<!-- woman’s clothes; clothing; woman -->
		<annotation cp='[👚]' tts='女裝'>衣服</annotation>

		<!-- purse; clothing; coin -->
		<annotation cp='[👛]' tts='錢包'>荷包</annotation>

		<!-- pouch; bag; clothing -->
		<annotation cp='[👝]' tts='手拿包'>包包</annotation>

		<!-- shopping bags; bag; hotel; shopping -->
		<annotation cp='[🛍]' tts='紙袋'>購物袋</annotation>

		<!-- school backpack; bag; satchel; school -->
		<annotation cp='[🎒]' tts='書包'>肩揹書包</annotation>

		<!-- man’s shoe; clothing; man; shoe -->
		<annotation cp='[👞]' tts='皮鞋'>鞋</annotation>

		<!-- running shoe; athletic; clothing; shoe; sneaker -->
		<annotation cp='[👟]' tts='運動鞋'>球鞋</annotation>

		<!-- woman’s sandal; clothing; sandal; shoe; woman -->
		<annotation cp='[👡]' tts='涼鞋'>拖鞋</annotation>

		<!-- woman’s boot; boot; clothing; shoe; woman -->
		<annotation cp='[👢]' tts='靴子'>長靴</annotation>

		<!-- woman’s hat; clothing; hat; woman -->
		<annotation cp='[👒]' tts='帽子'>淑女帽</annotation>

		<!-- top hat; clothing; hat; top; tophat -->
		<annotation cp='[🎩]' tts='禮帽'>紳士帽</annotation>

		<!-- prayer beads; beads; clothing; necklace; prayer; religion -->
		<annotation cp='[📿]' tts='項鍊'>首飾</annotation>

		<!-- lipstick; cosmetics; makeup -->
		<annotation cp='[💄]' tts='口紅'>化妝; 打扮</annotation>

		<!-- ring; diamond; romance -->
		<annotation cp='[💍]' tts='戒指'>鑽戒</annotation>

		<!-- monkey face; face; monkey -->
		<annotation cp='[🐵]' tts='猴子頭'>猴</annotation>

		<!-- monkey -->
		<annotation cp='[🐒]' tts='猴子'>猴</annotation>

		<!-- dog face; dog; face; pet -->
		<annotation cp='[🐶]' tts='狗頭'>狗</annotation>

		<!-- poodle; dog -->
		<annotation cp='[🐩]' tts='貴賓犬'>貴賓狗</annotation>

		<!-- cat face; cat; face; pet -->
		<annotation cp='[🐱]' tts='貓頭'>貓</annotation>

		<!-- lion face; face; leo; lion; zodiac -->
		<annotation cp='[🦁]' tts='獅子'>獅</annotation>

		<!-- tiger face; face; tiger -->
		<annotation cp='[🐯]' tts='老虎頭'>虎</annotation>

		<!-- tiger -->
		<annotation cp='[🐅]' tts='老虎'>虎</annotation>

		<!-- leopard -->
		<annotation cp='[🐆]' tts='豹子'>豹</annotation>

		<!-- horse face; face; horse -->
		<annotation cp='[🐴]' tts='馬頭'>馬</annotation>

		<!-- ox; bull; taurus; zodiac -->
		<annotation cp='[🐂]' tts='公牛'>牛</annotation>

		<!-- water buffalo; buffalo; water -->
		<annotation cp='[🐃]' tts='水牛'>牛</annotation>

		<!-- pig face; face; pig -->
		<annotation cp='[🐷]' tts='豬頭'>豬</annotation>

		<!-- ram; aries; sheep; zodiac -->
		<annotation cp='[🐏]' tts='公羊'>羊</annotation>

		<!-- sheep; ewe -->
		<annotation cp='[🐑]' tts='綿羊'>羊</annotation>

		<!-- goat; capricorn; zodiac -->
		<annotation cp='[🐐]' tts='山羊'>羊</annotation>

		<!-- camel; dromedary; hump -->
		<annotation cp='[🐪]' tts='單峰駱駝'>駱駝</annotation>

		<!-- two-hump camel; bactrian; camel; hump -->
		<annotation cp='[🐫]' tts='雙峰駱駝'>駱駝</annotation>

		<!-- elephant -->
		<annotation cp='[🐘]' tts='大象'>象</annotation>

		<!-- mouse face; face; mouse -->
		<annotation cp='[🐭]' tts='老鼠頭'>耗子; 鼠</annotation>

		<!-- mouse -->
		<annotation cp='[🐁]' tts='小老鼠'>耗子; 鼠</annotation>

		<!-- rat -->
		<annotation cp='[🐀]' tts='老鼠'>耗子; 鼠</annotation>

		<!-- hamster face; face; hamster; pet -->
		<annotation cp='[🐹]' tts='倉鼠'>寵物鼠</annotation>

		<!-- rabbit face; bunny; face; pet; rabbit -->
		<annotation cp='[🐰]' tts='兔子頭'>兔</annotation>

		<!-- rabbit; bunny; pet -->
		<annotation cp='[🐇]' tts='兔子'>兔</annotation>

		<!-- chipmunk -->
		<annotation cp='[🐿]' tts='松鼠'>花栗鼠</annotation>

		<!-- panda face; face; panda -->
		<annotation cp='[🐼]' tts='熊貓'>貓熊</annotation>

		<!-- paw prints; feet; paw; print -->
		<annotation cp='[🐾]' tts='動物腳印'>足跡</annotation>

		<!-- rooster -->
		<annotation cp='[🐓]' tts='公雞'>雞</annotation>

		<!-- hatching chick; baby; chick; hatching -->
		<annotation cp='[🐣]' tts='小雞破蛋'>孵化</annotation>

		<!-- baby chick; baby; chick -->
		<annotation cp='[🐤]' tts='小雞的臉'>小雞</annotation>

		<!-- dove; bird; fly; peace -->
		<annotation cp='[🕊]' tts='飛鳥'>鳥</annotation>

		<!-- frog face; face; frog -->
		<annotation cp='[🐸]' tts='青蛙'>蛙</annotation>

		<!-- crocodile -->
		<annotation cp='[🐊]' tts='鱷魚'>鱷</annotation>

		<!-- turtle -->
		<annotation cp='[🐢]' tts='烏龜'>龜</annotation>

		<!-- snake; bearer; ophiuchus; serpent; zodiac -->
		<annotation cp='[🐍]' tts='蛇'>青蛇</annotation>

		<!-- dragon face; dragon; face; fairy tale -->
		<annotation cp='[🐲]' tts='龍頭'>龍</annotation>

		<!-- spouting whale; face; spouting; whale -->
		<annotation cp='[🐳]' tts='鯨魚'>鯨魚噴水</annotation>

		<!-- whale -->
		<annotation cp='[🐋]' tts='藍鯨'>鯨</annotation>

		<!-- tropical fish; fish; tropical -->
		<annotation cp='[🐠]' tts='熱帶魚'>魚</annotation>

		<!-- blowfish; fish -->
		<annotation cp='[🐡]' tts='河豚'>魚</annotation>

		<!-- octopus -->
		<annotation cp='[🐙]' tts='章魚'>八爪魚</annotation>

		<!-- spiral shell; shell; spiral -->
		<annotation cp='[🐚]' tts='海螺'>貝殼</annotation>

		<!-- crab; cancer; zodiac -->
		<annotation cp='[🦀]' tts='螃蟹'>蟹; 紅蟳</annotation>

		<!-- bug; insect -->
		<annotation cp='[🐛]' tts='毛毛蟲'>毛蟲</annotation>

		<!-- ant; insect -->
		<annotation cp='[🐜]' tts='螞蟻'>蟻</annotation>

		<!-- honeybee; bee; insect -->
		<annotation cp='[🐝]' tts='蜜蜂'>蜂</annotation>

		<!-- lady beetle; beetle; insect; ladybird; ladybug -->
		<annotation cp='[🐞]' tts='瓢蟲'>昆蟲</annotation>

		<!-- spider web; spider; web -->
		<annotation cp='[🕸]' tts='蜘蛛網'>蛛網</annotation>

		<!-- scorpion; scorpio; scorpius; zodiac -->
		<annotation cp='[🦂]' tts='蠍子'>蠍</annotation>

		<!-- bouquet; flower; plant; romance -->
		<annotation cp='[💐]' tts='花束'>鮮花</annotation>

		<!-- cherry blossom; blossom; cherry; flower; plant -->
		<annotation cp='[🌸]' tts='櫻花'>花</annotation>

		<!-- white flower; flower -->
		<annotation cp='[💮]' tts='白花'>花</annotation>

		<!-- rosette; plant -->
		<annotation cp='[🏵]' tts='花朵'>花</annotation>

		<!-- rose; flower; plant -->
		<annotation cp='[🌹]' tts='玫瑰'>花</annotation>

		<!-- hibiscus; flower; plant -->
		<annotation cp='[🌺]' tts='芙蓉'>花</annotation>

		<!-- sunflower; flower; plant; sun -->
		<annotation cp='[🌻]' tts='向日葵'>花</annotation>

		<!-- blossom; flower; plant -->
		<annotation cp='[🌼]' tts='開花'>花</annotation>

		<!-- tulip; flower; plant -->
		<annotation cp='[🌷]' tts='鬱金香'>花</annotation>

		<!-- seedling; plant; young -->
		<annotation cp='[🌱]' tts='苗'>發芽</annotation>

		<!-- evergreen; plant; tree -->
		<annotation cp='[🌲]' tts='常青樹'>樹</annotation>

		<!-- deciduous tree; deciduous; plant; shedding; tree -->
		<annotation cp='[🌳]' tts='落葉樹'>樹</annotation>

		<!-- palm tree; palm; plant; tree -->
		<annotation cp='[🌴]' tts='棕櫚樹'>樹</annotation>

		<!-- cactus; plant -->
		<annotation cp='[🌵]' tts='仙人掌'>多肉植物</annotation>

		<!-- sheaf of rice; ear; plant; rice -->
		<annotation cp='[🌾]' tts='水稻'>稻子</annotation>

		<!-- herb; leaf; plant -->
		<annotation cp='[🌿]' tts='草藥'>葉子; 植物; 香草</annotation>

		<!-- shamrock; plant -->
		<annotation cp='[☘]' tts='三葉草'>草</annotation>

		<!-- four leaf clover; 4; clover; four; leaf; plant -->
		<annotation cp='[🍀]' tts='幸運草'>四葉草</annotation>

		<!-- maple leaf; falling; leaf; maple; plant -->
		<annotation cp='[🍁]' tts='楓葉'>紅葉</annotation>

		<!-- fallen leaf; falling; leaf; plant -->
		<annotation cp='[🍂]' tts='落葉'>枯葉</annotation>

		<!-- leaf fluttering in wind; blow; flutter; leaf; plant; wind -->
		<annotation cp='[🍃]' tts='隨風飄落的葉子'>風吹葉落</annotation>

		<!-- grapes; fruit; grape; plant -->
		<annotation cp='[🍇]' tts='葡萄'>水果</annotation>

		<!-- melon; fruit; plant -->
		<annotation cp='[🍈]' tts='瓜'>香瓜; 甜瓜; 蜜瓜; 水果</annotation>

		<!-- watermelon; fruit; plant -->
		<annotation cp='[🍉]' tts='西瓜'>水果</annotation>

		<!-- tangerine; fruit; orange; plant -->
		<annotation cp='[🍊]' tts='橘子'>水果</annotation>

		<!-- lemon; citrus; fruit; plant -->
		<annotation cp='[🍋]' tts='檸檬'>水果</annotation>

		<!-- banana; fruit; plant -->
		<annotation cp='[🍌]' tts='香蕉'>水果</annotation>

		<!-- pineapple; fruit; plant -->
		<annotation cp='[🍍]' tts='鳳梨'>水果</annotation>

		<!-- red apple; apple; fruit; plant; red -->
		<annotation cp='[🍎]' tts='紅蘋果'>蘋果; 水果</annotation>

		<!-- green apple; apple; fruit; green; plant -->
		<annotation cp='[🍏]' tts='青蘋果'>蘋果; 水果</annotation>

		<!-- pear; fruit; plant -->
		<annotation cp='[🍐]' tts='梨子'>水果</annotation>

		<!-- peach; fruit; plant -->
		<annotation cp='[🍑]' tts='桃子'>水果</annotation>

		<!-- cherries; cherry; fruit; plant -->
		<annotation cp='[🍒]' tts='櫻桃'>水果</annotation>

		<!-- strawberry; berry; fruit; plant -->
		<annotation cp='[🍓]' tts='草莓'>水果</annotation>

		<!-- tomato; plant; vegetable -->
		<annotation cp='[🍅]' tts='番茄'>水果</annotation>

		<!-- eggplant; aubergine; plant; vegetable -->
		<annotation cp='[🍆]' tts='茄子'>蔬菜</annotation>

		<!-- ear of corn; corn; ear; maize; maze; plant -->
		<annotation cp='[🌽]' tts='玉米'>蔬菜</annotation>

		<!-- hot pepper; hot; pepper; plant -->
		<annotation cp='[🌶]' tts='辣椒'>蔬菜</annotation>

		<!-- mushroom; plant -->
		<annotation cp='[🍄]' tts='蘑菇'>香菇</annotation>

		<!-- bread; loaf -->
		<annotation cp='[🍞]' tts='吐司'>麵包</annotation>

		<!-- cheese wedge; cheese -->
		<annotation cp='[🧀]' tts='起士'>乳酪</annotation>

		<!-- meat on bone; bone; meat -->
		<annotation cp='[🍖]' tts='排骨'>帶骨肉</annotation>

		<!-- poultry leg; bone; chicken; leg; poultry -->
		<annotation cp='[🍗]' tts='雞腿'>帶骨肉</annotation>

		<!-- hamburger; burger -->
		<annotation cp='[🍔]' tts='漢堡'>漢堡包</annotation>

		<!-- french fries; french; fries -->
		<annotation cp='[🍟]' tts='薯條'>炸薯條</annotation>

		<!-- pizza; cheese; slice -->
		<annotation cp='[🍕]' tts='披薩'>起士披薩</annotation>

		<!-- hot dog; frankfurter; hotdog; sausage -->
		<annotation cp='[🌭]' tts='熱狗'>熱狗堡</annotation>

		<!-- taco; mexican -->
		<annotation cp='[🌮]' tts='夾餅'>墨西哥夾餅</annotation>

		<!-- burrito; mexican -->
		<annotation cp='[🌯]' tts='捲餅'>墨西哥捲餅</annotation>

		<!-- rice cracker; cracker; rice -->
		<annotation cp='[🍘]' tts='米果'>仙貝</annotation>

		<!-- cooked rice; cooked; rice -->
		<annotation cp='[🍚]' tts='米飯'>飯</annotation>

		<!-- curry rice; curry; rice -->
		<annotation cp='[🍛]' tts='咖哩飯'>飯</annotation>

		<!-- steaming bowl; bowl; noodle; ramen; steaming -->
		<annotation cp='[🍜]' tts='湯麵'>麵</annotation>

		<!-- spaghetti; pasta -->
		<annotation cp='[🍝]' tts='義大利麵'>麵</annotation>

		<!-- roasted sweet potato; potato; roasted; sweet -->
		<annotation cp='[🍠]' tts='烤地瓜'>地瓜</annotation>

		<!-- oden; kebab; seafood; skewer; stick -->
		<annotation cp='[🍢]' tts='關東煮'>烤肉串</annotation>

		<!-- fried shrimp; fried; prawn; shrimp; tempura -->
		<annotation cp='[🍤]' tts='天婦羅'>炸蝦</annotation>

		<!-- dango; dessert; japanese; skewer; stick; sweet -->
		<annotation cp='[🍡]' tts='糥米丸子'>丸子串</annotation>

		<!-- soft ice cream; cream; dessert; ice; icecream; soft; sweet -->
		<annotation cp='[🍦]' tts='霜淇淋'>冰品</annotation>

		<!-- shaved ice; dessert; ice; shaved; sweet -->
		<annotation cp='[🍧]' tts='刨冰'>冰品</annotation>

		<!-- ice cream; cream; dessert; ice; sweet -->
		<annotation cp='[🍨]' tts='冰淇淋'>冰品</annotation>

		<!-- doughnut; dessert; donut; sweet -->
		<annotation cp='[🍩]' tts='甜甜圈'>甜點</annotation>

		<!-- cookie; dessert; sweet -->
		<annotation cp='[🍪]' tts='餅乾'>甜點</annotation>

		<!-- birthday cake; birthday; cake; celebration; dessert; pastry; sweet -->
		<annotation cp='[🎂]' tts='生日蛋糕'>蛋糕; 生日; 生日快樂</annotation>

		<!-- shortcake; cake; dessert; pastry; slice; sweet -->
		<annotation cp='[🍰]' tts='蛋糕'>甜點</annotation>

		<!-- chocolate bar; bar; chocolate; dessert; sweet -->
		<annotation cp='[🍫]' tts='巧克力'>巧克力磚</annotation>

		<!-- candy; dessert; sweet -->
		<annotation cp='[🍬]' tts='糖'>糖果</annotation>

		<!-- lollipop; candy; dessert; sweet -->
		<annotation cp='[🍭]' tts='棒棒糖'>糖果</annotation>

		<!-- custard; dessert; pudding; sweet -->
		<annotation cp='[🍮]' tts='卡士達'>卡士達、吉士、蛋奶凍</annotation>

		<!-- honey pot; honey; honeypot; pot; sweet -->
		<annotation cp='[🍯]' tts='蜂蜜'>甜點</annotation>

		<!-- baby bottle; baby; bottle; drink; milk -->
		<annotation cp='[🍼]' tts='奶瓶'>牛奶</annotation>

		<!-- teacup without handle; beverage; cup; drink; tea; teacup -->
		<annotation cp='[🍵]' tts='熱茶'>茶</annotation>

		<!-- sake; bar; beverage; bottle; cup; drink -->
		<annotation cp='[🍶]' tts='清酒'>酒</annotation>

		<!-- bottle with popping cork; bar; bottle; cork; drink; popping -->
		<annotation cp='[🍾]' tts='洋酒'>酒</annotation>

		<!-- wine glass; bar; beverage; drink; glass; wine -->
		<annotation cp='[🍷]' tts='葡萄酒'>酒杯; 酒</annotation>

		<!-- cocktail glass; bar; cocktail; drink; glass -->
		<annotation cp='[🍸]' tts='雞尾酒'>酒</annotation>

		<!-- tropical drink; bar; drink; tropical -->
		<annotation cp='[🍹]' tts='熱帶水果飲料'>果汁</annotation>

		<!-- beer mug; bar; beer; drink; mug -->
		<annotation cp='[🍺]' tts='啤酒'>酒</annotation>

		<!-- clinking beer mugs; bar; beer; clink; drink; mug -->
		<annotation cp='[🍻]' tts='乾杯'>酒</annotation>

		<!-- fork and knife with plate; cooking; fork; knife; plate -->
		<annotation cp='[🍽]' tts='餐具'>刀叉餐盤</annotation>

		<!-- amphora; aquarius; cooking; drink; jug; tool; weapon; zodiac -->
		<annotation cp='[🏺]' tts='陶罐'>容器</annotation>

		<!-- globe showing europe-africa; africa; earth; europe; globe; world -->
		<annotation cp='[🌍]' tts='歐洲及非洲'>地球</annotation>

		<!-- globe showing americas; americas; earth; globe; world -->
		<annotation cp='[🌎]' tts='美洲'>地球</annotation>

		<!-- globe showing asia-australia; asia; australia; earth; globe; world -->
		<annotation cp='[🌏]' tts='亞洲'>地球</annotation>

		<!-- globe with meridians; earth; globe; meridians; world -->
		<annotation cp='[🌐]' tts='子午線'>地球</annotation>

		<!-- world map; map; world -->
		<annotation cp='[🗺]' tts='世界地圖'>地圖; 世界</annotation>

		<!-- snow-capped mountain; cold; mountain; snow -->
		<annotation cp='[🏔]' tts='雪山'>雪峰</annotation>

		<!-- mountain -->
		<annotation cp='[⛰]' tts='山'>山峰</annotation>

		<!-- volcano; eruption; mountain; weather -->
		<annotation cp='[🌋]' tts='火山'>火山爆發</annotation>

		<!-- mount fuji; fuji; mountain -->
		<annotation cp='[🗻]' tts='富士山'>山峰</annotation>

		<!-- camping -->
		<annotation cp='[🏕]' tts='露營'>帳篷露營</annotation>

		<!-- beach with umbrella; beach; umbrella -->
		<annotation cp='[🏖]' tts='海灘陽傘'>海灘</annotation>

		<!-- desert island; desert; island -->
		<annotation cp='[🏝]' tts='熱帶小島'>沙灘小島</annotation>

		<!-- national park; park -->
		<annotation cp='[🏞]' tts='國家公園'>公園</annotation>

		<!-- stadium -->
		<annotation cp='[🏟]' tts='競技場'>圓形競技場</annotation>

		<!-- classical building; building; classical -->
		<annotation cp='[🏛]' tts='古典建築'>古蹟</annotation>

		<!-- building construction; building; construction -->
		<annotation cp='[🏗]' tts='施工中'></annotation>

		<!-- house buildings; building; house -->
		<annotation cp='[🏘]' tts='房屋建築'>屋舍</annotation>

		<!-- cityscape; building; city -->
		<annotation cp='[🏙]' tts='都市風景'>城市</annotation>

		<!-- derelict house building; building; derelict; house -->
		<annotation cp='[🏚]' tts='廢墟'>荒宅</annotation>

		<!-- house building; building; home; house -->
		<annotation cp='[🏠]' tts='房子'>家</annotation>

		<!-- house with garden; building; garden; home; house -->
		<annotation cp='[🏡]' tts='別墅'>家</annotation>

		<!-- kaaba; islam; muslim; religion -->
		<annotation cp='[🕋]' tts='天房'>伊斯蘭建築</annotation>

		<!-- mosque; islam; muslim; religion -->
		<annotation cp='[🕌]' tts='清真寺'>伊斯蘭建築</annotation>

		<!-- synagogue; jew; jewish; religion; temple -->
		<annotation cp='[🕍]' tts='猶太教堂'>教堂</annotation>

		<!-- shinto shrine; religion; shinto; shrine -->
		<annotation cp='[⛩]' tts='神社'>鳥居</annotation>

		<!-- office building; building -->
		<annotation cp='[🏢]' tts='辦公大樓'>高樓大廈</annotation>

		<!-- japanese post office; building; japanese; post -->
		<annotation cp='[🏣]' tts='日本郵局'>郵局</annotation>

		<!-- post office; building; european; post -->
		<annotation cp='[🏤]' tts='歐洲郵局'>郵局</annotation>

		<!-- hotel; building -->
		<annotation cp='[🏨]' tts='旅館'>飯店</annotation>

		<!-- love hotel; building; hotel; love -->
		<annotation cp='[🏩]' tts='賓館'>汽車旅館</annotation>

		<!-- school; building -->
		<annotation cp='[🏫]' tts='學校'>校舍</annotation>

		<!-- department store; building; department; store -->
		<annotation cp='[🏬]' tts='百貨公司'>購物商場</annotation>

		<!-- factory; building -->
		<annotation cp='[🏭]' tts='工廠'>廠房</annotation>

		<!-- japanese castle; building; castle; japanese -->
		<annotation cp='[🏯]' tts='日式城堡'>城堡</annotation>

		<!-- castle; building; european -->
		<annotation cp='[🏰]' tts='歐式城堡'>城堡</annotation>

		<!-- wedding; chapel; romance -->
		<annotation cp='[💒]' tts='婚禮'>教堂婚禮</annotation>

		<!-- statue of liberty; liberty; statue -->
		<annotation cp='[🗽]' tts='自由女神'>自由女神像</annotation>

		<!-- map of japan; japan; map -->
		<annotation cp='[🗾]' tts='日本'>日本列島</annotation>

		<!-- fountain -->
		<annotation cp='[⛲]' tts='噴泉'>噴水池</annotation>

		<!-- tent; camping -->
		<annotation cp='[⛺]' tts='帳篷'>露營</annotation>

		<!-- foggy; fog; weather -->
		<annotation cp='[🌁]' tts='霧'>天氣</annotation>

		<!-- night with stars; night; star; weather -->
		<annotation cp='[🌃]' tts='星空'>星夜</annotation>

		<!-- sunrise over mountains; morning; mountain; sun; sunrise; weather -->
		<annotation cp='[🌄]' tts='日出'>黎明</annotation>

		<!-- sunrise; morning; sun; weather -->
		<annotation cp='[🌅]' tts='旭日'>朝陽</annotation>

		<!-- cityscape at dusk; building; city; dusk; evening; landscape; sun; sunset; weather -->
		<annotation cp='[🌆]' tts='黃昏'>暮色</annotation>

		<!-- sunset; building; dusk; sun; weather -->
		<annotation cp='[🌇]' tts='夕陽'>日落</annotation>

		<!-- bridge at night; bridge; night; weather -->
		<annotation cp='[🌉]' tts='夜橋'>夜景</annotation>

		<!-- hot springs; hot; hotsprings; springs; steaming -->
		<annotation cp='[♨]' tts='溫泉'>泡湯</annotation>

		<!-- milky way; space; weather -->
		<annotation cp='[🌌]' tts='銀河'>星空</annotation>

		<!-- circus tent; circus; tent -->
		<annotation cp='[🎪]' tts='馬戲團'>馬戲團帳篷</annotation>

		<!-- performing arts; art; mask; performing; theater; theatre -->
		<annotation cp='[🎭]' tts='戲劇'>面具</annotation>

		<!-- frame with picture; art; frame; museum; painting; picture -->
		<annotation cp='[🖼]' tts='裱框畫'>畫</annotation>

		<!-- artist palette; art; museum; painting; palette -->
		<annotation cp='[🎨]' tts='調色板'>調色盤</annotation>

		<!-- slot machine; game; slot -->
		<annotation cp='[🎰]' tts='吃角子老虎'>拉霸機</annotation>

		<!-- locomotive; engine; railway; steam; train; vehicle -->
		<annotation cp='[🚂]' tts='蒸汽火車'>火車</annotation>

		<!-- railway car; car; electric; railway; train; tram; trolleybus; vehicle -->
		<annotation cp='[🚃]' tts='有軌電車'>軌道電車</annotation>

		<!-- high-speed train; railway; shinkansen; speed; train; vehicle -->
		<annotation cp='[🚄]' tts='高鐵'>火車</annotation>

		<!-- high-speed train with bullet nose; bullet; railway; shinkansen; speed; train; vehicle -->
		<annotation cp='[🚅]' tts='高鐡車頭'>高鐵; 火車</annotation>

		<!-- metro; subway; vehicle -->
		<annotation cp='[🚇]' tts='地鐵'>捷運</annotation>

		<!-- light rail; railway; vehicle -->
		<annotation cp='[🚈]' tts='輕軌'>火車</annotation>

		<!-- tram; trolleybus; vehicle -->
		<annotation cp='[🚊]' tts='路面電車'>軌道電車</annotation>

		<!-- monorail; vehicle -->
		<annotation cp='[🚝]' tts='單軌'>火車</annotation>

		<!-- mountain railway; car; mountain; railway; vehicle -->
		<annotation cp='[🚞]' tts='山區鐵路'>火車</annotation>

		<!-- tram car; car; tram; trolleybus; vehicle -->
		<annotation cp='[🚋]' tts='電纜車'>電車</annotation>

		<!-- bus; vehicle -->
		<annotation cp='[🚌]' tts='公車'>公共汽車</annotation>

		<!-- oncoming bus; bus; oncoming; vehicle -->
		<annotation cp='[🚍]' tts='公共汽車'>公車</annotation>

		<!-- trolleybus; bus; tram; trolley; vehicle -->
		<annotation cp='[🚎]' tts='電動巴士'>公車</annotation>

		<!-- bus stop; bus; busstop; stop -->
		<annotation cp='[🚏]' tts='公車站'>公車站牌</annotation>

		<!-- oncoming police car; car; oncoming; police; vehicle -->
		<annotation cp='[🚔]' tts='警察車'>警車</annotation>

		<!-- oncoming taxi; oncoming; taxi; vehicle -->
		<annotation cp='[🚖]' tts='小黃'>計程車</annotation>

		<!-- automobile; car; vehicle -->
		<annotation cp='[🚗]' tts='汽車'>轎車</annotation>

		<!-- oncoming automobile; automobile; car; oncoming; vehicle -->
		<annotation cp='[🚘]' tts='轎車'>汽車</annotation>

		<!-- delivery truck; delivery; truck; vehicle -->
		<annotation cp='[🚚]' tts='貨車'>卡車</annotation>

		<!-- articulated lorry; lorry; semi; truck; vehicle -->
		<annotation cp='[🚛]' tts='卡車'>貨車</annotation>

		<!-- bicycle; bike; vehicle -->
		<annotation cp='[🚲]' tts='自行車'>腳踏車</annotation>

		<!-- fuel pump; fuel; fuelpump; gas; pump; station -->
		<annotation cp='[⛽]' tts='加油站'>加油</annotation>

		<!-- motorway; highway; road -->
		<annotation cp='[🛣]' tts='高速公路'>公路</annotation>

		<!-- railway track; railway; train -->
		<annotation cp='[🛤]' tts='鐵軌'>鐵道</annotation>

		<!-- horizontal traffic light; light; signal; traffic -->
		<annotation cp='[🚥]' tts='紅綠燈'>交通號誌</annotation>

		<!-- vertical traffic light; light; signal; traffic -->
		<annotation cp='[🚦]' tts='直式紅綠燈'>交通號誌</annotation>

		<!-- construction; barrier -->
		<annotation cp='[🚧]' tts='施工'>工地</annotation>

		<!-- anchor; ship; tool -->
		<annotation cp='[⚓]' tts='錨'>船錨</annotation>

		<!-- rowboat; boat; vehicle -->
		<annotation cp='[🚣]' tts='划艇'>划船</annotation>

		<!-- passenger ship; passenger; ship; vehicle -->
		<annotation cp='[🛳]' tts='客船'>船</annotation>

		<!-- ferry; boat -->
		<annotation cp='[⛴]' tts='渡輪'>船</annotation>

		<!-- motor boat; boat; motorboat; vehicle -->
		<annotation cp='[🛥]' tts='汽艇'>船</annotation>

		<!-- small airplane; airplane; vehicle -->
		<annotation cp='[🛩]' tts='小飛機'>小型飛機</annotation>

		<!-- airplane departure; airplane; check-in; departure; departures; vehicle -->
		<annotation cp='[🛫]' tts='飛機起飛'>起飛</annotation>

		<!-- airplane arrival; airplane; arrivals; arriving; landing; vehicle -->
		<annotation cp='[🛬]' tts='飛機著陸'>降落</annotation>

		<!-- seat; chair -->
		<annotation cp='[💺]' tts='座位'>座椅</annotation>

		<!-- aerial tramway; aerial; cable; car; gondola; ropeway; tramway; vehicle -->
		<annotation cp='[🚡]' tts='空中纜車'>纜車</annotation>

		<!-- toilet -->
		<annotation cp='[🚽]' tts='馬桶'>廁所</annotation>

		<!-- shower; water -->
		<annotation cp='[🚿]' tts='淋浴'>蓮蓬頭</annotation>

		<!-- person taking bath; bathtub; bath -->
		<annotation cp='[🛀]' tts='盆浴'>洗澡</annotation>

		<!-- bathtub; bath -->
		<annotation cp='[🛁]' tts='澡盆'>浴盆</annotation>

		<!-- hourglass with flowing sand; hourglass; sand; timer -->
		<annotation cp='[⏳]' tts='流動的沙漏'>沙漏</annotation>

		<!-- watch; clock -->
		<annotation cp='[⌚]' tts='手錶'>錶</annotation>

		<!-- alarm clock; alarm; clock -->
		<annotation cp='[⏰]' tts='鬧鐘'>時鐘</annotation>

		<!-- stopwatch; clock -->
		<annotation cp='[⏱]' tts='碼錶'>時鐘</annotation>

		<!-- timer clock; clock; timer -->
		<annotation cp='[⏲]' tts='計時器'>時鐘</annotation>

		<!-- mantelpiece clock; clock -->
		<annotation cp='[🕰]' tts='座鐘'>時鐘</annotation>

		<!-- new moon; dark; moon; space; weather -->
		<annotation cp='[🌑]' tts='新月'>朔月; 月亮</annotation>

		<!-- waxing crescent moon; crescent; moon; space; waxing; weather -->
		<annotation cp='[🌒]' tts='眉形新月'>彎月</annotation>

		<!-- first quarter moon; moon; quarter; space; weather -->
		<annotation cp='[🌓]' tts='上弦月'>月亮</annotation>

		<!-- waxing gibbous moon; gibbous; moon; space; waxing; weather -->
		<annotation cp='[🌔]' tts='盈凸月'>月亮</annotation>

		<!-- full moon; full; moon; space; weather -->
		<annotation cp='[🌕]' tts='滿月'>望月; 月亮</annotation>

		<!-- waning gibbous moon; gibbous; moon; space; waning; weather -->
		<annotation cp='[🌖]' tts='虧凸月'>漸盈月</annotation>

		<!-- last quarter moon; moon; quarter; space; weather -->
		<annotation cp='[🌗]' tts='下弦月'>月亮</annotation>

		<!-- waning crescent moon; crescent; moon; space; waning; weather -->
		<annotation cp='[🌘]' tts='眉形殘月'>殘月</annotation>

		<!-- crescent moon; crescent; moon; space; weather -->
		<annotation cp='[🌙]' tts='彎月'>月牙; 残月; 月亮</annotation>

		<!-- new moon face; face; moon; space; weather -->
		<annotation cp='[🌚]' tts='月亮公公'>朔月; 月亮</annotation>

		<!-- first quarter moon with face; face; moon; quarter; space; weather -->
		<annotation cp='[🌛]' tts='彎月臉朝左'>上弦月; 月亮</annotation>

		<!-- last quarter moon with face; face; moon; quarter; space; weather -->
		<annotation cp='[🌜]' tts='彎月臉朝右'>下弦月; 月亮</annotation>

		<!-- full moon with face; bright; face; full; moon; space; weather -->
		<annotation cp='[🌝]' tts='微笑的滿月'>月亮</annotation>

		<!-- sun with face; bright; face; space; sun; weather -->
		<annotation cp='[🌞]' tts='微笑的太陽'>太陽</annotation>

		<!-- glowing star; glittery; glow; shining; sparkle; star -->
		<annotation cp='[🌟]' tts='閃爍的星星'>星星</annotation>

		<!-- shooting star; falling; shooting; space; star -->
		<annotation cp='[🌠]' tts='流星'>星星</annotation>

		<!-- cloud; weather -->
		<annotation cp='[☁]' tts='雲'>天氣</annotation>

		<!-- sun behind cloud; cloud; sun; weather -->
		<annotation cp='[⛅]' tts='陰天'>天氣</annotation>

		<!-- cloud with lightning and rain; cloud; rain; thunder; weather -->
		<annotation cp='[⛈]' tts='雷雨'>天氣</annotation>

		<!-- sun behind small cloud; cloud; sun; weather -->
		<annotation cp='[🌤]' tts='晴偶有雲'>天氣</annotation>

		<!-- sun behind large cloud; cloud; sun; weather -->
		<annotation cp='[🌥]' tts='晴時多雲'>天氣</annotation>

		<!-- sun behind cloud with rain; cloud; rain; sun; weather -->
		<annotation cp='[🌦]' tts='晴時有雨'>天氣</annotation>

		<!-- cloud with rain; cloud; rain; weather -->
		<annotation cp='[🌧]' tts='雨天'>天氣</annotation>

		<!-- cloud with snow; cloud; cold; snow; weather -->
		<annotation cp='[🌨]' tts='下雪'>天氣</annotation>

		<!-- cloud with lightning; cloud; lightning; weather -->
		<annotation cp='[🌩]' tts='閃電'>天氣</annotation>

		<!-- tornado; cloud; weather; whirlwind -->
		<annotation cp='[🌪]' tts='龍捲風'>天氣</annotation>

		<!-- fog; cloud; weather -->
		<annotation cp='[🌫]' tts='有霧'>天氣</annotation>

		<!-- wind face; blow; cloud; face; weather; wind -->
		<annotation cp='[🌬]' tts='刮風'>天氣</annotation>

		<!-- cyclone; dizzy; twister; typhoon; weather -->
		<annotation cp='[🌀]' tts='颱風'>暈; 天氣</annotation>

		<!-- closed umbrella; clothing; rain; umbrella; weather -->
		<annotation cp='[🌂]' tts='收合的傘'>傘; 雨傘</annotation>

		<!-- umbrella; clothing; rain; weather -->
		<annotation cp='[☂]' tts='雨傘'>傘</annotation>

		<!-- umbrella with rain drops; clothing; drop; rain; umbrella; weather -->
		<annotation cp='[☔]' tts='雨中的傘'>傘</annotation>

		<!-- umbrella on ground; rain; sun; umbrella; weather -->
		<annotation cp='[⛱]' tts='遮陽傘'>傘</annotation>

		<!-- high voltage; danger; electric; electricity; lightning; voltage; zap -->
		<annotation cp='[⚡]' tts='高壓電'>電; 閃電</annotation>

		<!-- snowman; cold; snow; weather -->
		<annotation cp='[☃]' tts='雪中的雪人'>雪人</annotation>

		<!-- fire; flame; tool -->
		<annotation cp='[🔥]' tts='火'>火苗</annotation>

		<!-- droplet; cold; comic; drop; sweat; weather -->
		<annotation cp='[💧]' tts='水滴'>汗</annotation>

		<!-- water wave; ocean; water; wave; weather -->
		<annotation cp='[🌊]' tts='波浪'>海浪</annotation>

		<!-- jack-o-lantern; celebration; halloween; jack; lantern -->
		<annotation cp='[🎃]' tts='南瓜燈'>南瓜</annotation>

		<!-- fireworks; celebration -->
		<annotation cp='[🎆]' tts='爆竹'>煙花; 焰火</annotation>

		<!-- sparkler; celebration; fireworks; sparkle -->
		<annotation cp='[🎇]' tts='煙花'>焰火</annotation>

		<!-- sparkles; sparkle; star -->
		<annotation cp='[✨]' tts='閃爍'>閃亮</annotation>

		<!-- confetti ball; ball; celebration; confetti -->
		<annotation cp='[🎊]' tts='五彩紙屑'>彩球</annotation>

		<!-- tanabata tree; banner; celebration; japanese; tree -->
		<annotation cp='[🎋]' tts='七夕'>七夕樹</annotation>

		<!-- pine decoration; bamboo; celebration; japanese; pine; plant -->
		<annotation cp='[🎍]' tts='盆栽'>開運竹</annotation>

		<!-- japanese dolls; celebration; doll; festival; japanese -->
		<annotation cp='[🎎]' tts='女兒節'>日本娃娃</annotation>

		<!-- military medal; celebration; medal; military -->
		<annotation cp='[🎖]' tts='軍事獎章'>勳章</annotation>

		<!-- reminder ribbon; celebration; reminder; ribbon -->
		<annotation cp='[🎗]' tts='黃絲帶'>絲帶</annotation>

		<!-- film frames; cinema; film; frames; movie -->
		<annotation cp='[🎞]' tts='電影膠卷'>膠卷</annotation>

		<!-- admission tickets; admission; ticket -->
		<annotation cp='[🎟]' tts='入場券'>票券</annotation>

		<!-- ticket; admission -->
		<annotation cp='[🎫]' tts='門票'>票券</annotation>

		<!-- label -->
		<annotation cp='[🏷]' tts='吊牌'>標籤</annotation>

		<!-- soccer ball; ball; soccer -->
		<annotation cp='[⚽]' tts='足球'>球</annotation>

		<!-- baseball; ball -->
		<annotation cp='[⚾]' tts='棒球'>球</annotation>

		<!-- basketball; ball; hoop -->
		<annotation cp='[🏀]' tts='籃球'>球</annotation>

		<!-- american football; american; ball; football -->
		<annotation cp='[🏈]' tts='美式足球'>球</annotation>

		<!-- rugby football; ball; football; rugby -->
		<annotation cp='[🏉]' tts='橄欖球'>球</annotation>

		<!-- tennis; ball; racquet -->
		<annotation cp='[🎾]' tts='網球'>球</annotation>

		<!-- billiards; 8; 8 ball; ball; billiard; eight; game -->
		<annotation cp='[🎱]' tts='撞球'>球</annotation>

		<!-- bowling; ball; game -->
		<annotation cp='[🎳]' tts='保齡球'>球</annotation>

		<!-- golfer; ball; golf -->
		<annotation cp='[🏌]' tts='打高爾夫'>高爾夫</annotation>

		<!-- ice skate; ice; skate -->
		<annotation cp='[⛸]' tts='溜冰鞋'>溜冰</annotation>

		<!-- running shirt; running; sash; shirt -->
		<annotation cp='[🎽]' tts='運動服'>運動</annotation>

		<!-- skier; ski; snow -->
		<annotation cp='[⛷]' tts='滑雪者'>滑雪</annotation>

		<!-- snowboarder; ski; snow; snowboard -->
		<annotation cp='[🏂]' tts='滑雪板'>滑雪</annotation>

		<!-- horse racing; horse; jockey; racehorse; racing -->
		<annotation cp='[🏇]' tts='賽馬'>騎馬</annotation>

		<!-- person with ball; ball -->
		<annotation cp='[⛹]' tts='打球'>球</annotation>

		<!-- cricket; ball; bat; game -->
		<annotation cp='[🏏]' tts='板球'>球</annotation>

		<!-- volleyball; ball; game -->
		<annotation cp='[🏐]' tts='排球'>球</annotation>

		<!-- field hockey; ball; field; game; hockey; stick -->
		<annotation cp='[🏑]' tts='曲棍球'>球</annotation>

		<!-- ice hockey stick and puck; game; hockey; ice; puck; stick -->
		<annotation cp='[🏒]' tts='冰上曲棍球'>球</annotation>

		<!-- ping pong; ball; bat; game; paddle; table tennis -->
		<annotation cp='[🏓]' tts='桌球'>球</annotation>

		<!-- badminton; birdie; game; racquet; shuttlecock -->
		<annotation cp='[🏸]' tts='羽毛球'>球</annotation>

		<!-- direct hit; bull; bullseye; dart; eye; game; hit; target -->
		<annotation cp='[🎯]' tts='命中'>正中紅心</annotation>

		<!-- video game; controller; game -->
		<annotation cp='[🎮]' tts='電玩'>電動</annotation>

		<!-- joystick; game; video game -->
		<annotation cp='[🕹]' tts='搖桿'>操控桿</annotation>

		<!-- spade suit; card; game; spade; suit -->
		<annotation cp='[♠]' tts='黑桃'>紙牌</annotation>

		<!-- heart suit; card; game; heart; hearts; suit -->
		<annotation cp='[♥]' tts='紅心'>紙牌</annotation>

		<!-- diamond suit; card; diamond; diamonds; game; suit -->
		<annotation cp='[♦]' tts='方塊'>紙牌</annotation>

		<!-- club suit; card; club; clubs; game; suit -->
		<annotation cp='[♣]' tts='梅花'>紙牌</annotation>

		<!-- mahjong red dragon; game; mahjong; red -->
		<annotation cp='[🀄]' tts='紅中'>麻將</annotation>

		<!-- flower playing cards; card; flower; game; japanese; playing -->
		<annotation cp='[🎴]' tts='花牌'>花鬥</annotation>

		<!-- speaker off; mute; quiet; silent; speaker; volume -->
		<annotation cp='[🔇]' tts='關掉喇叭'>静音</annotation>

		<!-- speaker on; low; speaker; volume; wave -->
		<annotation cp='[🔉]' tts='低音量'>喇叭</annotation>

		<!-- speaker loud; 3; high; loud; speaker; three; volume -->
		<annotation cp='[🔊]' tts='高音量'>喇叭</annotation>

		<!-- loudspeaker; loud; public address -->
		<annotation cp='[📢]' tts='大聲公'>喇叭</annotation>

		<!-- megaphone; cheering -->
		<annotation cp='[📣]' tts='擴音器'>喇叭</annotation>

		<!-- postal horn; horn; post; postal -->
		<annotation cp='[📯]' tts='郵件通知'>號角; 通知</annotation>

		<!-- bell with slash; bell; forbidden; mute; no; not; prohibited; quiet; silent -->
		<annotation cp='[🔕]' tts='靜音'>無聲</annotation>

		<!-- musical score; music; score -->
		<annotation cp='[🎼]' tts='樂譜'>音樂</annotation>

		<!-- musical note; music; note -->
		<annotation cp='[🎵]' tts='音符'>音樂</annotation>

		<!-- musical notes; music; note; notes -->
		<annotation cp='[🎶]' tts='樂符'>音樂</annotation>

		<!-- studio microphone; mic; microphone; music; studio -->
		<annotation cp='[🎙]' tts='錄音室麥克風'>麥克風</annotation>

		<!-- control knobs; control; knobs; music -->
		<annotation cp='[🎛]' tts='控制旋鈕'>旋鈕</annotation>

		<!-- microphone; karaoke; mic -->
		<annotation cp='[🎤]' tts='麥克風'>唱歌; 卡拉OK; k歌</annotation>

		<!-- headphone; earbud -->
		<annotation cp='[🎧]' tts='耳機'>音樂</annotation>

		<!-- saxophone; instrument; music; sax -->
		<annotation cp='[🎷]' tts='薩克斯風'>樂器</annotation>

		<!-- guitar; instrument; music -->
		<annotation cp='[🎸]' tts='吉他'>樂器</annotation>

		<!-- musical keyboard; instrument; keyboard; music; piano -->
		<annotation cp='[🎹]' tts='鋼琴'>電子琴; 樂器</annotation>

		<!-- trumpet; instrument; music -->
		<annotation cp='[🎺]' tts='小號'>樂器</annotation>

		<!-- violin; instrument; music -->
		<annotation cp='[🎻]' tts='小提琴'>樂器</annotation>

		<!-- telephone; phone -->
		<annotation cp='[☎]' tts='電話'>市話</annotation>

		<!-- telephone receiver; phone; receiver; telephone -->
		<annotation cp='[📞]' tts='聽筒'>電話</annotation>

		<!-- pager -->
		<annotation cp='[📟]' tts='呼叫器'>BB call</annotation>

		<!-- fax machine; fax -->
		<annotation cp='[📠]' tts='傳真機'>FAX</annotation>

		<!-- laptop computer; computer; pc; personal -->
		<annotation cp='[💻]' tts='筆電'>筆記型電腦</annotation>

		<!-- desktop computer; computer; desktop -->
		<annotation cp='[🖥]' tts='電腦'>桌上型電腦; 桌機</annotation>

		<!-- movie camera; camera; cinema; movie -->
		<annotation cp='[🎥]' tts='電影攝影機'>攝影機</annotation>

		<!-- film projector; cinema; film; movie; projector; video -->
		<annotation cp='[📽]' tts='電影放映機'>放映機</annotation>

		<!-- camera with flash; camera; flash; video -->
		<annotation cp='[📸]' tts='開閃光燈'>拍照</annotation>

		<!-- left-pointing magnifying glass; glass; magnifying; search; tool -->
		<annotation cp='[🔍]' tts='向左的放大鏡'>放大鏡</annotation>

		<!-- satellite antenna; antenna; dish; satellite -->
		<annotation cp='[📡]' tts='衛星天線'>天線</annotation>

		<!-- red paper lantern; bar; japanese; lantern; light; red -->
		<annotation cp='[🏮]' tts='燈籠'>居酒屋</annotation>

		<!-- notebook with decorative cover; book; cover; decorated; notebook -->
		<annotation cp='[📔]' tts='彩色封面的筆記本'>筆記本</annotation>

		<!-- closed book; book; closed -->
		<annotation cp='[📕]' tts='合起來的書本'>書本</annotation>

		<!-- open book; book; open -->
		<annotation cp='[📖]' tts='打開來的書本'>書本</annotation>

		<!-- green book; book; green -->
		<annotation cp='[📗]' tts='綠色的書本'>書本</annotation>

		<!-- blue book; blue; book -->
		<annotation cp='[📘]' tts='藍色的書本'>書本</annotation>

		<!-- orange book; book; orange -->
		<annotation cp='[📙]' tts='橘色的書本'>書本</annotation>

		<!-- books; book -->
		<annotation cp='[📚]' tts='書本'>書籍</annotation>

		<!-- ledger; notebook -->
		<annotation cp='[📒]' tts='帳本'>帳簿</annotation>

		<!-- page with curl; curl; document; page -->
		<annotation cp='[📃]' tts='文件檔'>文書</annotation>

		<!-- scroll; paper -->
		<annotation cp='[📜]' tts='捲軸'>文書</annotation>

		<!-- page facing up; document; page -->
		<annotation cp='[📄]' tts='文件'>文檔; 文書</annotation>

		<!-- newspaper; news; paper -->
		<annotation cp='[📰]' tts='報紙'>新聞</annotation>

		<!-- rolled-up newspaper; news; newspaper; paper; rolled -->
		<annotation cp='[🗞]' tts='捲好的報紙'>新聞; 報紙</annotation>

		<!-- bookmark tabs; bookmark; mark; marker; tabs -->
		<annotation cp='[📑]' tts='頁籤'>標籤</annotation>

		<!-- money bag; bag; dollar; money; moneybag -->
		<annotation cp='[💰]' tts='錢袋'>錢</annotation>

		<!-- money with wings; bank; banknote; bill; dollar; fly; money; note; wings -->
		<annotation cp='[💸]' tts='錢飛了'>沒錢了</annotation>

		<!-- credit card; bank; card; credit; money -->
		<annotation cp='[💳]' tts='信用卡'>刷卡</annotation>

		<!-- chart increasing with yen; bank; chart; currency; graph; growth; market; money; rise; trend; upward; yen -->
		<annotation cp='[💹]' tts='貨幣升值'>圖表; 市場走向; 上揚</annotation>

		<!-- e-mail; email; letter; mail -->
		<annotation cp='[📧]' tts='電子郵件'>郵件</annotation>

		<!-- package; box; parcel -->
		<annotation cp='[📦]' tts='包裹'>紙箱</annotation>

		<!-- closed mailbox with raised flag; closed; mail; mailbox; postbox -->
		<annotation cp='[📫]' tts='有待收郵件'>信箱</annotation>

		<!-- closed mailbox with lowered flag; closed; lowered; mail; mailbox; postbox -->
		<annotation cp='[📪]' tts='無待收郵件'>信箱</annotation>

		<!-- open mailbox with raised flag; mail; mailbox; open; postbox -->
		<annotation cp='[📬]' tts='有新郵件'>信箱</annotation>

		<!-- open mailbox with lowered flag; lowered; mail; mailbox; open; postbox -->
		<annotation cp='[📭]' tts='沒有新郵件'>信箱</annotation>

		<!-- ballot box with ballot; ballot; box -->
		<annotation cp='[🗳]' tts='投票箱'>票箱</annotation>

		<!-- black nib; nib; pen -->
		<annotation cp='[✒]' tts='鋼筆頭'>鋼筆</annotation>

		<!-- memo; pencil -->
		<annotation cp='[📝]' tts='備忘錄'>備註</annotation>

		<!-- card index dividers; card; dividers; index -->
		<annotation cp='[🗂]' tts='索引隔板'>索引板</annotation>

		<!-- spiral notepad; note; pad; spiral -->
		<annotation cp='[🗒]' tts='線圈筆記本'>筆記本</annotation>

		<!-- spiral calendar; calendar; pad; spiral -->
		<annotation cp='[🗓]' tts='線圈日曆'>日曆</annotation>

		<!-- chart increasing; chart; graph; growth; trend; upward -->
		<annotation cp='[📈]' tts='漲'>上漲; 上升; 圖表</annotation>

		<!-- chart decreasing; chart; down; graph; trend -->
		<annotation cp='[📉]' tts='跌'>下跌; 下降; 圖表</annotation>

		<!-- bar chart; bar; chart; graph -->
		<annotation cp='[📊]' tts='圖表'>直方圖</annotation>

		<!-- round pushpin; pin; pushpin -->
		<annotation cp='[📍]' tts='圓圖釘'>圖釘</annotation>

		<!-- linked paperclips; link; paperclip -->
		<annotation cp='[🖇]' tts='相連的回紋針'>回紋針</annotation>

		<!-- straight ruler; ruler; straight edge -->
		<annotation cp='[📏]' tts='直尺'>尺</annotation>

		<!-- triangular ruler; ruler; set; triangle -->
		<annotation cp='[📐]' tts='三角尺'>尺</annotation>

		<!-- card file box; box; card; file -->
		<annotation cp='[🗃]' tts='卡片目錄盒'>目錄盒</annotation>

		<!-- lock; closed -->
		<annotation cp='[🔒]' tts='上鎖'>鎖</annotation>

		<!-- old key; clue; key; lock; old -->
		<annotation cp='[🗝]' tts='老鑰匙'>鑰匙</annotation>

		<!-- nut and bolt; bolt; nut; tool -->
		<annotation cp='[🔩]' tts='螺絲'>螺栓</annotation>

		<!-- compression; tool; vice -->
		<annotation cp='[🗜]' tts='壓縮機'>壓縮</annotation>

		<!-- alembic; chemistry; tool -->
		<annotation cp='[⚗]' tts='蒸餾器'>化學; 蒸餾</annotation>

		<!-- chains; chain -->
		<annotation cp='[⛓]' tts='鍊條'>鍊子</annotation>

		<!-- syringe; doctor; medicine; needle; shot; sick; tool -->
		<annotation cp='[💉]' tts='針筒'>注射器</annotation>

		<!-- kitchen knife; cooking; hocho; knife; tool; weapon -->
		<annotation cp='[🔪]' tts='菜刀'>刀</annotation>

		<!-- pistol; gun; handgun; revolver; tool; weapon -->
		<annotation cp='[🔫]' tts='槍'>手槍</annotation>

		<!-- chequered flag; checkered; chequered; racing -->
		<annotation cp='[🏁]' tts='終點旗'>格子旗</annotation>

		<!-- smoking -->
		<annotation cp='[🚬]' tts='吸煙'>抽煙</annotation>

		<!-- coffin; death -->
		<annotation cp='[⚰]' tts='棺木'>棺材</annotation>

		<!-- funeral urn; death; funeral; urn -->
		<annotation cp='[⚱]' tts='骨灰罈'>骨灰甕</annotation>

		<!-- moai; face; moyai; statue -->
		<annotation cp='[🗿]' tts='復活節島'>復活島石像</annotation>

		<!-- wheelchair; access -->
		<annotation cp='[♿]' tts='無障礙空間'>行動不便者; 身障人士</annotation>

		<!-- baby symbol; baby; changing -->
		<annotation cp='[🚼]' tts='寶寶'>嬰兒</annotation>

		<!-- water closet; closet; lavatory; restroom; water; wc -->
		<annotation cp='[🚾]' tts='廁所'>盥洗室</annotation>

		<!-- passport control; control; passport -->
		<annotation cp='[🛂]' tts='護照'>護照查驗</annotation>

		<!-- left luggage; baggage; locker; luggage -->
		<annotation cp='[🛅]' tts='寄存行李'>寄物</annotation>

		<!-- children crossing; child; crossing; pedestrian; traffic -->
		<annotation cp='[🚸]' tts='小心兒童'>當心兒童</annotation>

		<!-- no entry; entry; forbidden; no; not; prohibited; traffic -->
		<annotation cp='[⛔]' tts='禁止進入'>禁行; 禁止通行</annotation>

		<!-- prohibited; entry; forbidden; no; not -->
		<annotation cp='[🚫]' tts='禁止通行'>禁止</annotation>

		<!-- no bicycles; bicycle; bike; forbidden; no; not; prohibited; vehicle -->
		<annotation cp='[🚳]' tts='禁行自行車'>禁止通行</annotation>

		<!-- no smoking; forbidden; no; not; prohibited; smoking -->
		<annotation cp='[🚭]' tts='禁止吸煙'>禁煙</annotation>

		<!-- no littering; forbidden; litter; no; not; prohibited -->
		<annotation cp='[🚯]' tts='禁止亂丟垃圾'>請勿亂丟垃圾</annotation>

		<!-- non-potable water; drink; forbidden; no; not; potable; prohibited; water -->
		<annotation cp='[🚱]' tts='非飲用水'>不得生飲</annotation>

		<!-- no pedestrians; forbidden; no; not; pedestrian; prohibited -->
		<annotation cp='[🚷]' tts='禁止行人通行'>禁止通行</annotation>

		<!-- biohazard -->
		<annotation cp='[☣]' tts='危害生物'>對生物有害</annotation>

		<!-- clockwise vertical arrows; arrow; clockwise; reload -->
		<annotation cp='[🔃]' tts='順時針方向'>順時針</annotation>

		<!-- place of worship; religion; worship -->
		<annotation cp='[🛐]' tts='祈禱'>祝禱</annotation>

		<!-- om; hindu; religion -->
		<annotation cp='[🕉]' tts='唵'>梵文</annotation>

		<!-- star of david; david; jew; jewish; religion; star -->
		<annotation cp='[✡]' tts='六芒星'>六角星</annotation>

		<!-- latin cross; christian; cross; religion -->
		<annotation cp='[✝]' tts='拉丁十字架'>十字架</annotation>

		<!-- orthodox cross; christian; cross; religion -->
		<annotation cp='[☦]' tts='東正教十字架'>十字架</annotation>

		<!-- star and crescent; islam; muslim; religion -->
		<annotation cp='[☪]' tts='伊斯蘭教星月'>星月</annotation>

		<!-- dotted six-pointed star; fortune; star -->
		<annotation cp='[🔯]' tts='六芒星加圓點'>六角星</annotation>

		<!-- recycling symbol; recycle -->
		<annotation cp='[♻]' tts='回收'>可回收資源</annotation>

		<!-- name badge; badge; name -->
		<annotation cp='[📛]' tts='名牌'>胸牌</annotation>

		<!-- japanese symbol for beginner; beginner; chevron; green; japanese; leaf; tool; yellow -->
		<annotation cp='[🔰]' tts='日本初學者符號'>新手</annotation>

		<!-- white heavy check mark; check; mark -->
		<annotation cp='[✅]' tts='白色勾勾'>勾號</annotation>

		<!-- ballot box with check; ballot; box; check -->
		<annotation cp='[☑]' tts='勾選'>勾號</annotation>

		<!-- heavy check mark; check; mark -->
		<annotation cp='[✔]' tts='打勾'>勾號</annotation>

		<!-- heavy multiplication x; cancel; multiplication; multiply; x -->
		<annotation cp='[✖]' tts='打叉'>叉</annotation>

		<!-- cross mark button; mark; square -->
		<annotation cp='[❎]' tts='叉叉'>叉</annotation>

		<!-- heavy plus sign; math; plus -->
		<annotation cp='[➕]' tts='加號'>加</annotation>

		<!-- heavy minus sign; math; minus -->
		<annotation cp='[➖]' tts='減號'>減</annotation>

		<!-- heavy division sign; division; math -->
		<annotation cp='[➗]' tts='除號'>除</annotation>

		<!-- curly loop; curl; loop -->
		<annotation cp='[➰]' tts='日本單環標誌'>單環</annotation>

		<!-- double curly loop; curl; double; loop -->
		<annotation cp='[➿]' tts='日本免費電話標誌'>免費電話</annotation>

		<!-- part alternation mark; mark; part -->
		<annotation cp='[〽]' tts='歌唱'>歌記號</annotation>

		<!-- currency exchange; bank; currency; exchange; money -->
		<annotation cp='[💱]' tts='貨幣兌換'>換匯</annotation>

		<!-- heavy dollar sign; currency; dollar; money -->
		<annotation cp='[💲]' tts='貨幣符號'>貨幣; 錢</annotation>

		<!-- last track button; arrow; previous scene; previous track; triangle -->
		<annotation cp='[⏮]' tts='上一首'>最後一首</annotation>

		<!-- fast up button; arrow; double -->
		<annotation cp='[⏫]' tts='快速向上'>向上箭頭</annotation>

		<!-- fast down button; arrow; double; down -->
		<annotation cp='[⏬]' tts='快速向下'>向下箭頭</annotation>

		<!-- cinema; camera; film; movie -->
		<annotation cp='[🎦]' tts='電影院'>戲院</annotation>

		<!-- dim button; brightness; dim; low -->
		<annotation cp='[🔅]' tts='低亮度'>微亮</annotation>

		<!-- bright button; bright; brightness -->
		<annotation cp='[🔆]' tts='高亮度'>明亮</annotation>

		<!-- antenna bars; antenna; bar; cell; mobile; phone; signal; telephone -->
		<annotation cp='[📶]' tts='訊號強弱'>訊號格數</annotation>

		<!-- hundred points; 100; full; hundred; score -->
		<annotation cp='[💯]' tts='滿分'>100分</annotation>

		<!-- no one under eighteen; 18; age restriction; eighteen; forbidden; no; not; prohibited; underage -->
		<annotation cp='[🔞]' tts='未成年人不宜'>18 禁</annotation>

		<!-- squared id; id; identity -->
		<annotation cp='[🆔]' tts='身分'>ID</annotation>

		<!-- squared ok; ok -->
		<annotation cp='[🆗]' tts='好的'>沒問題; 可以</annotation>

		<!-- squared sos; help; sos -->
		<annotation cp='[🆘]' tts='救命'>求救</annotation>

		<!-- squared negation ideograph; japanese -->
		<annotation cp='[🈚]' tts='無'>免費</annotation>

		<!-- squared empty ideograph; chinese -->
		<annotation cp='[🈳]' tts='空的'>空</annotation>

		<!-- black small square; geometric; square -->
		<annotation cp='[▪]' tts='黑色小方塊'>方形</annotation>

		<!-- white small square; geometric; square -->
		<annotation cp='[▫]' tts='白色小方塊'>方形</annotation>

		<!-- white medium square; geometric; square -->
		<annotation cp='[◻]' tts='白色中方塊'>方形</annotation>

		<!-- black medium square; geometric; square -->
		<annotation cp='[◼]' tts='黑色中方塊'>方形</annotation>

		<!-- white medium-small square; geometric; square -->
		<annotation cp='[◽]' tts='白色中小型方塊'>方形</annotation>

		<!-- black medium-small square; geometric; square -->
		<annotation cp='[◾]' tts='黑色中小型方塊'>方形</annotation>

		<!-- black large square; geometric; square -->
		<annotation cp='[⬛]' tts='黑色大方塊'>方形</annotation>

		<!-- white large square; geometric; square -->
		<annotation cp='[⬜]' tts='白色大方塊'>方形</annotation>

		<!-- large orange diamond; diamond; geometric; orange -->
		<annotation cp='[🔶]' tts='大橙色菱形'>菱形</annotation>

		<!-- large blue diamond; blue; diamond; geometric -->
		<annotation cp='[🔷]' tts='大藍色菱形'>菱形</annotation>

		<!-- small orange diamond; diamond; geometric; orange -->
		<annotation cp='[🔸]' tts='小橙色菱形'>菱形</annotation>

		<!-- small blue diamond; blue; diamond; geometric -->
		<annotation cp='[🔹]' tts='小藍色菱形'>菱形</annotation>

		<!-- red triangle pointed up; geometric; red -->
		<annotation cp='[🔺]' tts='向上紅色三角'>三角形</annotation>

		<!-- red triangle pointed down; down; geometric; red -->
		<annotation cp='[🔻]' tts='向下紅色三角'>三角形</annotation>

		<!-- diamond with a dot; comic; diamond; geometric; inside -->
		<annotation cp='[💠]' tts='菱形加圓點'>鑽石</annotation>

		<!-- radio button; button; geometric; radio -->
		<annotation cp='[🔘]' tts='按鈕'>圓鈕</annotation>

		<!-- black square button; button; geometric; square -->
		<annotation cp='[🔲]' tts='黑色方按鈕'>按鈕</annotation>

		<!-- white square button; button; geometric; outlined; square -->
		<annotation cp='[🔳]' tts='白色方按鈕'>按鈕</annotation>

		<!-- white circle; circle; geometric -->
		<annotation cp='[⚪]' tts='白色圓形'>圓形</annotation>

		<!-- black circle; circle; geometric -->
		<annotation cp='[⚫]' tts='黑色圓形'>圓形</annotation>

		<!-- red circle; circle; geometric; red -->
		<annotation cp='[🔴]' tts='大紅色圓形'>圓形</annotation>

		<!-- blue circle; blue; circle; geometric -->
		<annotation cp='[🔵]' tts='大藍色圓形'>圓形</annotation>
	</annotations>
</ldml>