<?xml version="1.0" encoding="UTF-8" ?>
<!DOCTYPE ldml SYSTEM "../../common/dtd/ldml.dtd">
<!-- Copyright © 1991-2015 Unicode, Inc.
CLDR data files are interpreted according to the LDML specification (http://unicode.org/reports/tr35/)
For terms of use, see http://www.unicode.org/copyright.html
-->
<ldml>
	<identity>
		<version number="$Revision: 11914 $"/>
		<language type="ar"/>
		<territory type="SS"/>
	</identity>
	<numbers>
		<currencies>
			<currency type="GBP">
				<symbol>GB£</symbol>
			</currency>
			<currency type="SSP">
				<symbol>£</symbol>
			</currency>
		</currencies>
	</numbers>
</ldml>

