<?xml version="1.0" encoding="UTF-8" ?>
<!DOCTYPE ldml SYSTEM "../../common/dtd/ldml.dtd">
<!-- Copyright © 1991-2015 Unicode, Inc.
CLDR data files are interpreted according to the LDML specification (http://unicode.org/reports/tr35/)
For terms of use, see http://www.unicode.org/copyright.html
-->
<ldml>
	<identity>
		<version number="$Revision: 11914 $"/>
		<language type="ar"/>
		<territory type="TN"/>
	</identity>
	<dates>
		<calendars>
			<calendar type="gregorian">
				<months>
					<monthContext type="format">
						<monthWidth type="abbreviated">
							<month type="1">جانفي</month>
							<month type="2">فيفري</month>
							<month type="3">مارس</month>
							<month type="4">أفريل</month>
							<month type="5">ماي</month>
							<month type="6">جوان</month>
							<month type="7">جويلية</month>
							<month type="8">أوت</month>
							<month type="9">سبتمبر</month>
							<month type="10">أكتوبر</month>
							<month type="11">نوفمبر</month>
							<month type="12">ديسمبر</month>
						</monthWidth>
						<monthWidth type="narrow">
							<month type="1">ج</month>
							<month type="2">ف</month>
							<month type="3">م</month>
							<month type="4">أ</month>
							<month type="5">م</month>
							<month type="6">ج</month>
							<month type="7">ج</month>
							<month type="8">أ</month>
							<month type="9">س</month>
							<month type="10">أ</month>
							<month type="11">ن</month>
							<month type="12">د</month>
						</monthWidth>
						<monthWidth type="wide">
							<month type="1">جانفي</month>
							<month type="2">فيفري</month>
							<month type="3">مارس</month>
							<month type="4">أفريل</month>
							<month type="5">ماي</month>
							<month type="6">جوان</month>
							<month type="7">جويلية</month>
							<month type="8">أوت</month>
							<month type="9">سبتمبر</month>
							<month type="10">أكتوبر</month>
							<month type="11">نوفمبر</month>
							<month type="12">ديسمبر</month>
						</monthWidth>
					</monthContext>
					<monthContext type="stand-alone">
						<monthWidth type="abbreviated">
							<month type="1">جانفي</month>
							<month type="2">فيفري</month>
							<month type="3">مارس</month>
							<month type="4">أفريل</month>
							<month type="5">ماي</month>
							<month type="6">جوان</month>
							<month type="7">جويلية</month>
							<month type="8">أوت</month>
							<month type="9">سبتمبر</month>
							<month type="10">أكتوبر</month>
							<month type="11">نوفمبر</month>
							<month type="12">ديسمبر</month>
						</monthWidth>
						<monthWidth type="narrow">
							<month type="1" draft="contributed">ج</month>
							<month type="2" draft="contributed">ف</month>
							<month type="3" draft="contributed">م</month>
							<month type="4" draft="contributed">أ</month>
							<month type="5" draft="contributed">م</month>
							<month type="6" draft="contributed">ج</month>
							<month type="7" draft="contributed">ج</month>
							<month type="8" draft="contributed">أ</month>
							<month type="9" draft="contributed">س</month>
							<month type="10" draft="contributed">أ</month>
							<month type="11" draft="contributed">ن</month>
							<month type="12" draft="contributed">د</month>
						</monthWidth>
						<monthWidth type="wide">
							<month type="1">جانفي</month>
							<month type="2">فيفري</month>
							<month type="3">مارس</month>
							<month type="4">أفريل</month>
							<month type="5">ماي</month>
							<month type="6">جوان</month>
							<month type="7">جويلية</month>
							<month type="8">أوت</month>
							<month type="9">سبتمبر</month>
							<month type="10">أكتوبر</month>
							<month type="11">نوفمبر</month>
							<month type="12">ديسمبر</month>
						</monthWidth>
					</monthContext>
				</months>
			</calendar>
		</calendars>
	</dates>
	<numbers>
		<defaultNumberingSystem>latn</defaultNumberingSystem>
		<symbols numberSystem="latn">
			<decimal>,</decimal>
			<group>.</group>
		</symbols>
	</numbers>
</ldml>

