<?xml version="1.0" encoding="UTF-8" ?>
<!DOCTYPE ldml SYSTEM "../../common/dtd/ldml.dtd">
<!-- Copyright © 1991-2015 Unicode, Inc.
CLDR data files are interpreted according to the LDML specification (http://unicode.org/reports/tr35/)
For terms of use, see http://www.unicode.org/copyright.html
-->
<ldml>
	<identity>
		<version number="$Revision: 11914 $"/>
		<language type="az"/>
		<script type="Cyrl"/>
	</identity>
	<localeDisplayNames>
		<languages>
			<language type="az">азәрбајҹан дили</language>
			<language type="de">алман дили</language>
			<language type="en">инҝилис дили</language>
			<language type="es">испан дили</language>
			<language type="fr">франсыз дили</language>
			<language type="it">италјан дили</language>
			<language type="ja">јапон дили</language>
			<language type="pt">португал дили</language>
			<language type="ru">рус дили</language>
			<language type="zh">чин дили</language>
		</languages>
		<scripts>
			<script type="Cyrl">Кирил</script>
		</scripts>
		<territories>
			<territory type="AZ">Азәрбајҹан</territory>
			<territory type="BR">Бразилија</territory>
			<territory type="CN">Чин</territory>
			<territory type="DE">Алманија</territory>
			<territory type="FR">Франса</territory>
			<territory type="IN">Һиндистан</territory>
			<territory type="IT">Италија</territory>
			<territory type="JP">Јапонија</territory>
			<territory type="RU">Русија</territory>
			<territory type="US">Америка Бирләшмиш Штатлары</territory>
		</territories>
	</localeDisplayNames>
	<characters>
		<exemplarCharacters>[а ә б в г ғ д е ж з и й ј к ҝ л м н о ө п р с т у ү ф х һ ч ҹ ш ы]</exemplarCharacters>
		<exemplarCharacters type="auxiliary">[ц щ ъ ь э ю я]</exemplarCharacters>
		<exemplarCharacters type="index" draft="unconfirmed">[А Ә Б В Г Ғ Д Е Ж З И Й Ј К Ҝ Л М Н О Ө П Р С Т У Ү Ф Х Һ Ч Ҹ Ш Ы]</exemplarCharacters>
	</characters>
	<delimiters>
		<quotationStart>«</quotationStart>
		<quotationEnd>»</quotationEnd>
		<alternateQuotationStart>‹</alternateQuotationStart>
		<alternateQuotationEnd>›</alternateQuotationEnd>
	</delimiters>
	<dates>
		<calendars>
			<calendar type="generic">
				<dateFormats>
					<dateFormatLength type="full">
						<dateFormat>
							<pattern>EEEE, d, MMMM, y G</pattern>
						</dateFormat>
					</dateFormatLength>
					<dateFormatLength type="long">
						<dateFormat>
							<pattern>d MMMM, y G</pattern>
						</dateFormat>
					</dateFormatLength>
					<dateFormatLength type="medium">
						<dateFormat>
							<pattern>d MMM, y G</pattern>
						</dateFormat>
					</dateFormatLength>
					<dateFormatLength type="short">
						<dateFormat>
							<pattern draft="contributed">dd.MM.y GGGGG</pattern>
						</dateFormat>
					</dateFormatLength>
				</dateFormats>
				<dateTimeFormats>
					<availableFormats>
						<dateFormatItem id="Md" draft="contributed">dd.MM</dateFormatItem>
						<dateFormatItem id="MEd" draft="contributed">E, dd.MM</dateFormatItem>
						<dateFormatItem id="MMM">LLL</dateFormatItem>
						<dateFormatItem id="MMMd">d MMM</dateFormatItem>
						<dateFormatItem id="MMMEd">E, d, MMM</dateFormatItem>
						<dateFormatItem id="yyyyM" draft="contributed">MM.y G</dateFormatItem>
						<dateFormatItem id="yyyyMd" draft="contributed">dd.MM.y G</dateFormatItem>
						<dateFormatItem id="yyyyMEd" draft="contributed">E, dd.MM.y G</dateFormatItem>
						<dateFormatItem id="yyyyMMM">MMM, y G</dateFormatItem>
						<dateFormatItem id="yyyyMMMd">d MMM, y G</dateFormatItem>
						<dateFormatItem id="yyyyMMMEd">E, d, MMM, y G</dateFormatItem>
					</availableFormats>
				</dateTimeFormats>
			</calendar>
			<calendar type="gregorian">
				<months>
					<monthContext type="format">
						<monthWidth type="wide">
							<month type="1">јанвар</month>
							<month type="2">феврал</month>
							<month type="3">март</month>
							<month type="4">апрел</month>
							<month type="5">май</month>
							<month type="6">ијун</month>
							<month type="7">ијул</month>
							<month type="8">август</month>
							<month type="9">сентјабр</month>
							<month type="10">октјабр</month>
							<month type="11">нојабр</month>
							<month type="12">декабр</month>
						</monthWidth>
					</monthContext>
				</months>
				<days>
					<dayContext type="format">
						<dayWidth type="wide">
							<day type="sun">базар</day>
							<day type="mon">базар ертәси</day>
							<day type="tue">чәршәнбә ахшамы</day>
							<day type="wed">чәршәнбә</day>
							<day type="thu">ҹүмә ахшамы</day>
							<day type="fri">ҹүмә</day>
							<day type="sat">шәнбә</day>
						</dayWidth>
					</dayContext>
					<dayContext type="stand-alone">
						<dayWidth type="narrow">
							<day type="sun">7</day>
							<day type="mon">1</day>
							<day type="tue">2</day>
							<day type="wed">3</day>
							<day type="thu">4</day>
							<day type="fri">5</day>
							<day type="sat">6</day>
						</dayWidth>
					</dayContext>
				</days>
				<dateFormats>
					<dateFormatLength type="full">
						<dateFormat>
							<pattern>EEEE, d, MMMM, y</pattern>
						</dateFormat>
					</dateFormatLength>
					<dateFormatLength type="long">
						<dateFormat>
							<pattern>d MMMM, y</pattern>
						</dateFormat>
					</dateFormatLength>
					<dateFormatLength type="medium">
						<dateFormat>
							<pattern>d MMM, y</pattern>
						</dateFormat>
					</dateFormatLength>
					<dateFormatLength type="short">
						<dateFormat>
							<pattern draft="contributed">dd.MM.yy</pattern>
						</dateFormat>
					</dateFormatLength>
				</dateFormats>
				<timeFormats>
					<timeFormatLength type="full">
						<timeFormat>
							<pattern>HH:mm:ss zzzz</pattern>
						</timeFormat>
					</timeFormatLength>
					<timeFormatLength type="long">
						<timeFormat>
							<pattern>HH:mm:ss z</pattern>
						</timeFormat>
					</timeFormatLength>
					<timeFormatLength type="medium">
						<timeFormat>
							<pattern>HH:mm:ss</pattern>
						</timeFormat>
					</timeFormatLength>
					<timeFormatLength type="short">
						<timeFormat>
							<pattern>HH:mm</pattern>
						</timeFormat>
					</timeFormatLength>
				</timeFormats>
				<dateTimeFormats>
					<availableFormats>
						<dateFormatItem id="Md" draft="contributed">dd.MM</dateFormatItem>
						<dateFormatItem id="MEd" draft="contributed">E, dd.MM</dateFormatItem>
						<dateFormatItem id="MMM">LLL</dateFormatItem>
						<dateFormatItem id="MMMd">d MMM</dateFormatItem>
						<dateFormatItem id="MMMEd">E, d, MMM</dateFormatItem>
						<dateFormatItem id="yM" draft="contributed">MM.y</dateFormatItem>
						<dateFormatItem id="yMd" draft="contributed">dd.MM.y</dateFormatItem>
						<dateFormatItem id="yMEd" draft="contributed">E, dd.MM.y</dateFormatItem>
						<dateFormatItem id="yMMM">MMM, y</dateFormatItem>
						<dateFormatItem id="yMMMd">d MMM, y</dateFormatItem>
						<dateFormatItem id="yMMMEd">E, d, MMM, y</dateFormatItem>
					</availableFormats>
				</dateTimeFormats>
			</calendar>
		</calendars>
	</dates>
	<numbers>
		<symbols numberSystem="latn">
			<decimal draft="contributed">,</decimal>
			<group draft="contributed">.</group>
			<list draft="contributed">;</list>
			<percentSign draft="contributed">%</percentSign>
			<plusSign draft="contributed">+</plusSign>
			<minusSign draft="contributed">-</minusSign>
			<exponential draft="contributed">E</exponential>
			<perMille draft="contributed">‰</perMille>
			<infinity draft="contributed">∞</infinity>
			<nan draft="contributed">NaN</nan>
		</symbols>
		<currencyFormats numberSystem="latn">
			<currencyFormatLength>
				<currencyFormat type="standard">
					<pattern draft="contributed">¤ #,##0.00</pattern>
				</currencyFormat>
			</currencyFormatLength>
			<currencyFormatLength type="short">
				<currencyFormat type="standard">
					<pattern type="1000" count="one" draft="provisional">¤ 0K</pattern>
					<pattern type="1000" count="other" draft="provisional">¤ 0K</pattern>
					<pattern type="10000" count="one" draft="provisional">¤ 00K</pattern>
					<pattern type="10000" count="other" draft="provisional">¤ 00K</pattern>
					<pattern type="100000" count="one" draft="provisional">¤ 000K</pattern>
					<pattern type="100000" count="other" draft="provisional">¤ 000K</pattern>
					<pattern type="1000000" count="one" draft="provisional">¤ 0M</pattern>
					<pattern type="1000000" count="other" draft="provisional">¤ 0M</pattern>
					<pattern type="10000000" count="one" draft="provisional">¤ 00M</pattern>
					<pattern type="10000000" count="other" draft="provisional">¤ 00M</pattern>
					<pattern type="100000000" count="one" draft="provisional">¤ 000M</pattern>
					<pattern type="100000000" count="other" draft="provisional">¤ 000M</pattern>
					<pattern type="1000000000" count="one" draft="provisional">¤ 0G</pattern>
					<pattern type="1000000000" count="other" draft="provisional">¤ 0G</pattern>
					<pattern type="10000000000" count="one" draft="provisional">¤ 00G</pattern>
					<pattern type="10000000000" count="other" draft="provisional">¤ 00G</pattern>
					<pattern type="100000000000" count="one" draft="provisional">¤ 000G</pattern>
					<pattern type="100000000000" count="other" draft="provisional">¤ 000G</pattern>
					<pattern type="1000000000000" count="one" draft="provisional">¤ 0T</pattern>
					<pattern type="1000000000000" count="other" draft="provisional">¤ 0T</pattern>
					<pattern type="10000000000000" count="one" draft="provisional">¤ 00T</pattern>
					<pattern type="10000000000000" count="other" draft="provisional">¤ 00T</pattern>
					<pattern type="100000000000000" count="one" draft="provisional">¤ 000T</pattern>
					<pattern type="100000000000000" count="other" draft="provisional">¤ 000T</pattern>
				</currencyFormat>
			</currencyFormatLength>
		</currencyFormats>
		<currencies>
			<currency type="AZN">
				<displayName draft="unconfirmed">манат</displayName>
				<symbol>₼</symbol>
				<symbol alt="variant">ман.</symbol>
			</currency>
		</currencies>
	</numbers>
</ldml>

